age,job,education,balance,pdays,deposit
33,services,secondary,3444,91,yes
56,technician,secondary,589,147,yes
34,admin.,tertiary,899,170,yes
53,retired,tertiary,2269,150,yes
37,technician,secondary,5115,171,yes
45,entrepreneur,secondary,781,126,yes
46,unemployed,secondary,3354,174,yes
40,management,tertiary,3352,27,yes
32,technician,tertiary,4654,128,yes
30,blue-collar,secondary,501,177,yes
46,technician,tertiary,0,167,yes
38,entrepreneur,tertiary,1110,183,yes
32,services,secondary,983,133,yes
31,unemployed,secondary,314,178,yes
50,blue-collar,primary,12519,34,yes
47,technician,secondary,0,10,yes
59,management,tertiary,7049,163,yes
31,management,secondary,8629,184,yes
53,blue-collar,secondary,1777,154,yes
40,technician,tertiary,1646,242,yes
44,unemployed,secondary,0,272,yes
43,admin.,secondary,-247,76,yes
54,technician,secondary,2156,195,yes
31,management,tertiary,1331,90,yes
28,self-employed,tertiary,0,196,yes
32,admin.,secondary,678,246,yes
41,self-employed,tertiary,-94,203,yes
31,technician,tertiary,1109,167,yes
26,entrepreneur,secondary,101,268,yes
31,management,tertiary,12857,92,yes
33,blue-collar,tertiary,700,88,yes
34,admin.,secondary,0,85,yes
40,blue-collar,secondary,5060,93,yes
37,admin.,secondary,1314,210,yes
33,management,tertiary,3552,85,yes
30,management,tertiary,5561,100,yes
60,retired,secondary,404,196,yes
31,management,tertiary,883,106,yes
44,management,tertiary,483,199,yes
37,unemployed,tertiary,1316,112,yes
37,services,secondary,1045,41,yes
30,management,tertiary,8089,294,yes
34,technician,secondary,390,231,yes
50,management,tertiary,414,302,yes
55,blue-collar,secondary,1613,270,yes
41,self-employed,secondary,3123,135,yes
33,technician,tertiary,127,222,yes
37,admin.,secondary,1207,138,yes
48,management,secondary,4415,141,yes
32,technician,secondary,303,267,yes
38,blue-collar,secondary,2580,264,yes
41,services,secondary,803,316,yes
33,technician,secondary,719,316,yes
45,blue-collar,secondary,96,256,yes
33,management,tertiary,0,328,yes
33,admin.,secondary,572,74,yes
44,admin.,secondary,0,148,yes
43,services,primary,2557,327,yes
32,services,secondary,1129,341,yes
38,management,tertiary,6158,145,yes
52,entrepreneur,tertiary,3469,147,yes
35,technician,secondary,545,234,yes
32,services,secondary,1273,328,yes
32,technician,tertiary,932,318,yes
40,services,primary,471,345,yes
32,management,tertiary,294,274,yes
34,blue-collar,primary,329,343,yes
37,blue-collar,primary,3154,305,yes
29,technician,secondary,1180,323,yes
34,management,secondary,879,344,yes
53,technician,secondary,5303,180,yes
28,technician,tertiary,387,82,yes
29,self-employed,secondary,123,181,yes
33,admin.,tertiary,882,183,yes
53,management,tertiary,3754,278,yes
37,management,tertiary,0,153,yes
32,management,tertiary,2974,4,yes
31,technician,tertiary,1081,261,yes
29,admin.,secondary,7707,334,yes
38,services,secondary,1970,176,yes
47,technician,secondary,1167,87,yes
52,management,tertiary,193,269,yes
36,unemployed,tertiary,1291,86,yes
47,blue-collar,secondary,1230,169,yes
36,admin.,secondary,96,87,yes
23,student,secondary,0,83,yes
29,management,tertiary,697,85,yes
58,management,tertiary,5701,87,yes
48,blue-collar,secondary,292,79,yes
42,technician,tertiary,757,79,yes
42,blue-collar,primary,201,85,yes
30,management,tertiary,398,6,yes
35,management,tertiary,1750,9,yes
35,management,tertiary,193,13,yes
35,admin.,tertiary,994,87,yes
42,management,tertiary,6060,350,yes
33,management,tertiary,55,87,yes
53,management,tertiary,1624,84,yes
26,admin.,secondary,255,80,yes
30,admin.,secondary,270,80,yes
38,management,tertiary,613,86,yes
29,technician,secondary,674,13,yes
47,management,tertiary,86,87,yes
34,management,tertiary,1228,84,yes
54,technician,secondary,2156,86,yes
46,management,tertiary,699,87,yes
47,blue-collar,primary,2749,164,yes
33,blue-collar,tertiary,700,80,yes
54,technician,secondary,0,84,yes
31,management,tertiary,354,9,yes
30,admin.,tertiary,305,85,yes
28,unemployed,primary,236,87,yes
33,management,tertiary,5437,91,yes
41,blue-collar,secondary,5060,83,yes
38,technician,secondary,902,90,yes
47,technician,secondary,335,76,yes
49,management,tertiary,1,175,yes
33,technician,tertiary,1636,66,yes
60,technician,secondary,316,263,yes
32,student,tertiary,1138,83,yes
36,self-employed,secondary,188,333,yes
35,management,tertiary,520,17,yes
30,self-employed,tertiary,2666,89,yes
39,management,tertiary,1515,167,yes
39,management,tertiary,2454,263,yes
35,entrepreneur,secondary,2971,164,yes
59,retired,secondary,514,90,yes
35,student,secondary,188,78,yes
31,blue-collar,secondary,196,341,yes
30,technician,secondary,-522,286,yes
27,admin.,secondary,710,334,yes
37,technician,secondary,141,364,yes
30,management,tertiary,415,343,yes
34,entrepreneur,tertiary,0,183,yes
36,management,tertiary,7506,188,yes
32,admin.,secondary,752,166,yes
49,management,secondary,99,343,yes
33,management,secondary,3935,342,yes
31,management,tertiary,59,363,yes
40,management,tertiary,1598,344,yes
42,blue-collar,primary,1461,170,yes
36,management,tertiary,4,342,yes
30,services,secondary,-271,337,yes
29,technician,tertiary,0,337,yes
43,management,tertiary,1429,169,yes
31,admin.,secondary,0,295,yes
42,unemployed,secondary,356,356,yes
45,services,secondary,608,323,yes
45,blue-collar,secondary,-184,170,yes
39,admin.,secondary,2345,344,yes
57,admin.,secondary,6005,323,yes
42,management,tertiary,4,295,yes
57,management,tertiary,830,367,yes
47,retired,primary,1374,359,yes
42,management,tertiary,-556,347,yes
41,admin.,secondary,-109,370,yes
43,management,tertiary,580,284,yes
38,services,secondary,5293,171,yes
34,admin.,secondary,479,350,yes
38,housemaid,primary,199,306,yes
39,management,tertiary,5073,286,yes
39,admin.,secondary,607,364,yes
47,services,secondary,367,306,yes
35,blue-collar,secondary,855,300,yes
46,blue-collar,primary,804,361,yes
59,admin.,secondary,145,287,yes
36,blue-collar,primary,319,301,yes
33,technician,secondary,221,355,yes
28,admin.,secondary,451,301,yes
42,blue-collar,secondary,1080,370,yes
34,management,tertiary,76,371,yes
35,management,tertiary,1396,300,yes
51,blue-collar,primary,-19,296,yes
50,technician,secondary,-54,292,yes
40,blue-collar,primary,830,370,yes
36,admin.,secondary,437,344,yes
31,self-employed,tertiary,17924,174,yes
55,blue-collar,primary,8180,360,yes
35,blue-collar,secondary,4963,300,yes
31,admin.,secondary,8781,177,yes
48,blue-collar,primary,214,177,yes
41,blue-collar,secondary,580,363,yes
34,management,tertiary,273,175,yes
36,self-employed,tertiary,1354,356,yes
35,blue-collar,secondary,336,346,yes
31,blue-collar,secondary,953,346,yes
30,admin.,secondary,315,346,yes
42,services,secondary,146,346,yes
56,services,secondary,-40,368,yes
26,services,secondary,77,340,yes
35,admin.,secondary,534,312,yes
35,housemaid,tertiary,1265,179,yes
31,admin.,secondary,685,329,yes
29,services,secondary,6567,298,yes
39,entrepreneur,secondary,2139,371,yes
54,unemployed,secondary,582,372,yes
25,admin.,secondary,507,367,yes
48,blue-collar,secondary,480,352,yes
40,admin.,secondary,2574,176,yes
36,admin.,secondary,148,374,yes
37,blue-collar,primary,2120,175,yes
51,management,tertiary,297,375,yes
35,blue-collar,secondary,205,312,yes
29,blue-collar,secondary,-493,334,yes
40,admin.,secondary,2040,350,yes
32,technician,secondary,230,266,yes
31,blue-collar,secondary,239,360,yes
55,retired,tertiary,0,370,yes
36,housemaid,secondary,1015,347,yes
45,technician,secondary,-357,355,yes
32,blue-collar,primary,-454,355,yes
33,blue-collar,secondary,139,291,yes
38,technician,secondary,-242,278,yes
35,services,secondary,719,368,yes
29,unemployed,tertiary,497,298,yes
45,admin.,secondary,397,95,yes
32,technician,tertiary,1625,109,yes
37,services,secondary,1543,10,yes
39,management,tertiary,0,93,yes
43,services,secondary,2145,183,yes
26,student,secondary,620,94,yes
27,student,tertiary,3733,98,yes
42,management,primary,5310,186,yes
43,admin.,secondary,733,187,yes
60,retired,tertiary,439,321,yes
28,technician,tertiary,0,40,yes
24,blue-collar,secondary,167,96,yes
36,technician,tertiary,911,21,yes
32,technician,tertiary,705,35,yes
33,technician,tertiary,109,10,yes
24,student,secondary,23878,97,yes
58,retired,secondary,2714,287,yes
32,management,tertiary,312,98,yes
47,admin.,secondary,2232,103,yes
37,admin.,secondary,1967,212,yes
26,admin.,secondary,2509,97,yes
25,admin.,tertiary,760,89,yes
55,admin.,secondary,602,90,yes
49,management,tertiary,1808,95,yes
45,admin.,tertiary,2552,293,yes
47,technician,secondary,293,90,yes
54,services,secondary,0,81,yes
47,management,tertiary,2351,84,yes
26,admin.,tertiary,313,96,yes
38,admin.,tertiary,1988,67,yes
42,services,secondary,1376,92,yes
49,technician,tertiary,523,60,yes
27,technician,tertiary,15161,120,yes
49,services,secondary,7019,368,yes
28,technician,tertiary,4987,113,yes
49,management,tertiary,5887,293,yes
29,technician,secondary,23,55,yes
34,unemployed,secondary,978,71,yes
32,self-employed,secondary,409,86,yes
42,blue-collar,secondary,2913,195,yes
29,management,tertiary,637,119,yes
26,technician,secondary,1231,96,yes
26,management,tertiary,2786,72,yes
39,unemployed,tertiary,201,119,yes
43,blue-collar,primary,3917,93,yes
35,services,secondary,52,94,yes
41,services,secondary,0,122,yes
38,technician,secondary,1130,98,yes
38,entrepreneur,secondary,1190,391,yes
35,blue-collar,secondary,563,119,yes
31,management,tertiary,617,97,yes
34,admin.,secondary,303,126,yes
40,admin.,secondary,985,50,yes
28,management,secondary,171,87,yes
35,admin.,secondary,1085,86,yes
25,self-employed,tertiary,42,94,yes
31,management,tertiary,924,98,yes
22,blue-collar,secondary,682,91,yes
32,admin.,tertiary,8866,83,yes
36,entrepreneur,tertiary,3407,85,yes
60,management,secondary,544,357,yes
59,technician,secondary,259,89,yes
26,admin.,secondary,1595,105,yes
37,admin.,tertiary,1000,90,yes
34,management,tertiary,2374,314,yes
49,management,tertiary,7443,211,yes
83,retired,primary,425,140,yes
61,management,tertiary,997,104,yes
37,admin.,secondary,2061,109,yes
72,self-employed,tertiary,132,65,yes
40,management,tertiary,2763,395,yes
42,entrepreneur,secondary,2959,342,yes
28,management,tertiary,12956,399,yes
39,admin.,secondary,19,147,yes
31,blue-collar,secondary,625,49,yes
30,unemployed,tertiary,330,80,yes
37,services,secondary,981,386,yes
38,unemployed,primary,7005,412,yes
31,management,secondary,202,62,yes
31,management,tertiary,307,229,yes
25,management,tertiary,219,96,yes
47,technician,secondary,1167,96,yes
40,technician,tertiary,1646,92,yes
46,management,tertiary,242,96,yes
55,management,tertiary,2383,63,yes
30,self-employed,tertiary,2666,93,yes
48,management,tertiary,1147,64,yes
47,management,tertiary,86,97,yes
37,unemployed,tertiary,1291,97,yes
40,management,tertiary,0,98,yes
53,admin.,secondary,0,98,yes
46,management,tertiary,4693,394,yes
41,admin.,tertiary,1536,95,yes
37,admin.,secondary,96,99,yes
34,management,tertiary,0,99,yes
42,services,secondary,3403,99,yes
58,unemployed,secondary,687,99,yes
23,student,secondary,0,99,yes
59,retired,tertiary,3444,185,yes
32,self-employed,tertiary,1815,102,yes
31,management,tertiary,10884,98,yes
42,blue-collar,primary,201,103,yes
42,services,tertiary,94,90,yes
57,technician,secondary,589,190,yes
30,management,tertiary,533,99,yes
42,technician,secondary,994,78,yes
26,admin.,secondary,96,70,yes
40,admin.,secondary,100,461,yes
39,admin.,secondary,260,116,yes
58,self-employed,primary,1013,461,yes
31,services,secondary,181,104,yes
36,management,tertiary,3850,100,yes
41,management,tertiary,27696,104,yes
59,technician,secondary,116,422,yes
34,management,tertiary,48,93,yes
55,management,primary,113,457,yes
33,blue-collar,secondary,498,104,yes
43,technician,tertiary,2643,100,yes
34,services,secondary,1337,104,yes
38,blue-collar,secondary,1165,94,yes
31,admin.,secondary,35,105,yes
50,services,secondary,3169,430,yes
56,management,tertiary,616,105,yes
76,retired,primary,3324,192,yes
28,technician,secondary,113,105,yes
56,retired,primary,9367,101,yes
45,management,tertiary,2067,462,yes
49,management,tertiary,1,101,yes
26,admin.,secondary,255,106,yes
47,unemployed,secondary,926,403,yes
44,management,tertiary,226,270,yes
33,unemployed,tertiary,1974,191,yes
42,admin.,primary,-306,459,yes
35,management,tertiary,431,397,yes
62,retired,secondary,1495,196,yes
26,management,tertiary,828,199,yes
22,student,secondary,948,197,yes
30,student,secondary,48,173,yes
34,housemaid,tertiary,0,84,yes
55,technician,secondary,1938,386,yes
49,technician,secondary,9131,461,yes
43,admin.,secondary,132,84,yes
30,management,tertiary,5359,84,yes
27,technician,tertiary,11862,87,yes
42,management,primary,5310,90,yes
60,admin.,secondary,106,91,yes
50,technician,secondary,3370,80,yes
43,admin.,secondary,733,88,yes
53,retired,tertiary,-309,428,yes
28,blue-collar,secondary,61,109,yes
59,unemployed,secondary,1047,184,yes
29,management,tertiary,265,94,yes
37,blue-collar,primary,106,392,yes
37,technician,tertiary,127,193,yes
36,management,tertiary,255,95,yes
43,services,secondary,2145,95,yes
43,management,tertiary,1696,474,yes
36,blue-collar,secondary,40,475,yes
36,technician,secondary,539,477,yes
29,technician,secondary,590,94,yes
32,technician,tertiary,636,116,yes
55,admin.,secondary,1872,93,yes
36,management,tertiary,490,98,yes
27,student,tertiary,118,98,yes
45,management,tertiary,4119,283,yes
52,blue-collar,secondary,2087,474,yes
49,management,tertiary,5689,97,yes
30,blue-collar,primary,201,157,yes
39,management,tertiary,119,476,yes
48,management,tertiary,17964,98,yes
51,management,tertiary,2635,98,yes
48,technician,secondary,568,386,yes
46,admin.,tertiary,2552,94,yes
31,self-employed,tertiary,3343,94,yes
40,unemployed,tertiary,7968,93,yes
55,management,primary,2587,94,yes
57,management,tertiary,6468,157,yes
26,technician,secondary,1231,93,yes
36,technician,tertiary,1354,97,yes
55,admin.,secondary,602,98,yes
52,technician,secondary,0,294,yes
36,services,secondary,52,95,yes
31,management,tertiary,924,94,yes
50,admin.,tertiary,6574,92,yes
33,self-employed,secondary,409,97,yes
25,admin.,secondary,1871,96,yes
32,management,tertiary,2915,131,yes
58,management,tertiary,1227,95,yes
79,retired,secondary,723,79,yes
30,management,tertiary,147,100,yes
31,management,tertiary,12569,295,yes
34,management,tertiary,158,132,yes
28,admin.,secondary,261,98,yes
46,blue-collar,secondary,640,129,yes
47,technician,secondary,1013,92,yes
57,blue-collar,primary,3109,105,yes
50,housemaid,secondary,388,99,yes
34,blue-collar,secondary,262,106,yes
50,management,tertiary,810,103,yes
54,unemployed,secondary,1664,105,yes
26,management,tertiary,362,104,yes
40,technician,tertiary,1293,105,yes
29,management,tertiary,874,103,yes
25,management,tertiary,808,114,yes
83,retired,primary,425,92,yes
43,management,tertiary,2367,113,yes
45,blue-collar,secondary,10252,141,yes
37,admin.,tertiary,1000,99,yes
27,management,tertiary,20585,100,yes
57,management,tertiary,10583,98,yes
40,blue-collar,secondary,1451,121,yes
26,student,secondary,132,119,yes
37,management,tertiary,1027,119,yes
54,management,tertiary,1464,94,yes
54,management,tertiary,8295,119,yes
33,management,tertiary,5437,58,yes
25,admin.,tertiary,1185,114,yes
36,technician,tertiary,4596,175,yes
58,retired,primary,565,93,yes
33,management,tertiary,1781,183,yes
27,admin.,secondary,3415,184,yes
60,admin.,secondary,12039,187,yes
56,unemployed,secondary,12,187,yes
35,management,tertiary,2646,182,yes
61,self-employed,tertiary,6,182,yes
36,admin.,secondary,592,99,yes
58,technician,primary,4198,246,yes
30,management,tertiary,536,105,yes
54,blue-collar,primary,1311,184,yes
43,services,primary,2557,183,yes
40,unemployed,tertiary,79,135,yes
57,management,tertiary,1318,185,yes
75,retired,secondary,3771,183,yes
77,retired,tertiary,0,60,yes
31,management,tertiary,6138,119,yes
50,management,tertiary,469,183,yes
44,technician,tertiary,643,143,yes
76,housemaid,primary,1411,187,yes
39,technician,tertiary,206,195,yes
65,retired,secondary,571,183,yes
54,technician,secondary,3994,187,yes
28,management,tertiary,80,146,yes
61,management,tertiary,267,184,yes
53,housemaid,primary,2581,189,yes
27,student,tertiary,1134,183,yes
55,unemployed,secondary,309,184,yes
33,management,tertiary,6807,184,yes
33,self-employed,tertiary,658,208,yes
33,admin.,tertiary,79,335,yes
30,technician,tertiary,411,149,yes
68,retired,tertiary,2144,184,yes
41,technician,tertiary,431,107,yes
29,self-employed,secondary,123,184,yes
27,blue-collar,secondary,3792,183,yes
82,retired,primary,8603,107,yes
76,retired,tertiary,2991,183,yes
38,management,tertiary,4174,184,yes
60,technician,secondary,10925,185,yes
33,services,secondary,2411,161,yes
57,management,primary,6900,185,yes
33,management,tertiary,5878,430,yes
35,technician,secondary,183,52,yes
59,retired,primary,3648,126,yes
73,retired,primary,542,180,yes
38,blue-collar,secondary,0,75,yes
52,services,secondary,992,515,yes
38,housemaid,secondary,70,148,yes
30,admin.,secondary,914,272,yes
57,housemaid,tertiary,2326,194,yes
30,management,tertiary,697,80,yes
66,retired,tertiary,1948,269,yes
47,management,tertiary,3663,213,yes
30,technician,secondary,853,148,yes
60,management,tertiary,3401,270,yes
54,technician,secondary,473,81,yes
35,self-employed,tertiary,5462,186,yes
48,management,secondary,0,351,yes
36,management,tertiary,62,182,yes
36,self-employed,tertiary,506,70,yes
27,management,tertiary,1720,273,yes
34,management,tertiary,1778,162,yes
24,technician,secondary,556,80,yes
33,student,secondary,1536,94,yes
32,management,tertiary,935,91,yes
60,self-employed,tertiary,10861,91,yes
35,management,tertiary,1228,88,yes
24,student,secondary,125,90,yes
40,management,tertiary,0,96,yes
33,management,tertiary,22867,92,yes
71,housemaid,primary,1311,91,yes
52,unemployed,secondary,94,190,yes
26,management,tertiary,943,195,yes
33,services,secondary,1076,96,yes
35,management,tertiary,0,96,yes
53,management,tertiary,1624,97,yes
44,self-employed,tertiary,1070,91,yes
21,student,secondary,123,91,yes
36,blue-collar,secondary,3623,378,yes
31,management,tertiary,533,93,yes
42,technician,secondary,994,93,yes
33,services,secondary,386,92,yes
30,unemployed,secondary,2424,279,yes
32,management,tertiary,1331,92,yes
47,management,tertiary,4693,97,yes
48,blue-collar,secondary,1230,196,yes
27,student,tertiary,5291,92,yes
43,services,secondary,3403,97,yes
33,technician,secondary,133,192,yes
76,retired,primary,3324,92,yes
71,retired,primary,2600,98,yes
39,admin.,secondary,260,94,yes
18,student,primary,608,93,yes
58,services,secondary,462,93,yes
44,technician,secondary,14,92,yes
67,retired,secondary,1146,92,yes
31,services,secondary,181,93,yes
36,technician,secondary,376,92,yes
56,retired,primary,9367,92,yes
24,student,secondary,382,92,yes
33,admin.,secondary,920,95,yes
58,admin.,secondary,169,94,yes
27,blue-collar,secondary,535,94,yes
37,technician,tertiary,197,200,yes
43,management,tertiary,3186,88,yes
35,technician,tertiary,3160,95,yes
75,retired,tertiary,6027,94,yes
52,management,tertiary,583,91,yes
55,technician,tertiary,0,91,yes
28,student,secondary,1925,97,yes
72,retired,secondary,1129,91,yes
29,admin.,secondary,265,184,yes
58,technician,secondary,3399,188,yes
22,student,tertiary,691,103,yes
60,retired,tertiary,4,190,yes
29,technician,secondary,1165,184,yes
36,admin.,tertiary,4708,171,yes
68,retired,tertiary,2820,97,yes
48,management,tertiary,1147,120,yes
28,services,secondary,339,182,yes
49,management,tertiary,5887,185,yes
43,management,tertiary,11891,242,yes
44,admin.,secondary,733,105,yes
29,student,secondary,314,116,yes
42,management,tertiary,254,183,yes
37,admin.,secondary,0,190,yes
79,retired,secondary,8304,275,yes
58,management,tertiary,256,188,yes
30,technician,secondary,2326,175,yes
36,management,tertiary,925,189,yes
29,management,tertiary,572,195,yes
57,retired,secondary,5313,196,yes
34,services,secondary,1337,127,yes
27,student,secondary,538,197,yes
50,management,tertiary,5108,182,yes
50,services,secondary,320,315,yes
32,admin.,secondary,131,189,yes
59,retired,primary,2074,186,yes
68,retired,secondary,1443,257,yes
64,self-employed,tertiary,661,294,yes
60,admin.,secondary,3735,188,yes
72,retired,primary,4657,309,yes
30,blue-collar,primary,5,203,yes
43,management,tertiary,3518,196,yes
39,technician,tertiary,25,210,yes
38,admin.,secondary,11303,216,yes
32,management,tertiary,718,197,yes
23,services,secondary,870,176,yes
35,unemployed,secondary,978,209,yes
61,management,secondary,544,200,yes
25,technician,secondary,139,91,yes
57,retired,secondary,1044,192,yes
55,admin.,secondary,1633,192,yes
73,retired,primary,1388,83,yes
31,technician,secondary,2544,279,yes
21,student,secondary,2488,92,yes
28,self-employed,tertiary,1579,91,yes
31,unemployed,tertiary,330,194,yes
70,retired,primary,482,196,yes
59,technician,primary,4198,91,yes
48,unemployed,secondary,817,282,yes
33,services,secondary,133,274,yes
60,retired,tertiary,979,347,yes
79,retired,primary,8556,272,yes
64,retired,secondary,588,91,yes
42,technician,secondary,994,67,yes
47,blue-collar,secondary,820,91,yes
66,retired,secondary,203,195,yes
61,retired,secondary,86,94,yes
27,admin.,tertiary,2855,301,yes
36,management,tertiary,203,88,yes
38,unemployed,primary,7005,202,yes
77,retired,secondary,4112,95,yes
81,retired,primary,243,92,yes
52,services,secondary,992,92,yes
38,housemaid,secondary,70,92,yes
39,admin.,secondary,0,436,yes
36,student,tertiary,129,93,yes
52,services,secondary,659,93,yes
80,retired,primary,997,91,yes
33,technician,tertiary,1699,83,yes
56,technician,tertiary,1181,433,yes
54,admin.,secondary,0,98,yes
66,retired,tertiary,1948,91,yes
28,admin.,secondary,261,142,yes
36,technician,tertiary,202,120,yes
56,services,secondary,1989,281,yes
33,technician,secondary,303,301,yes
72,retired,primary,2600,82,yes
44,technician,tertiary,1818,92,yes
52,blue-collar,secondary,955,48,yes
37,technician,secondary,265,366,yes
45,admin.,secondary,205,92,yes
68,retired,tertiary,2812,181,yes
55,management,tertiary,2037,94,yes
32,student,tertiary,0,276,yes
55,admin.,secondary,602,150,yes
41,technician,tertiary,1646,184,yes
35,unemployed,tertiary,415,176,yes
80,retired,secondary,2354,181,yes
38,technician,secondary,318,181,yes
48,blue-collar,secondary,1730,178,yes
36,admin.,tertiary,994,176,yes
29,housemaid,tertiary,19,64,yes
23,admin.,tertiary,897,280,yes
67,retired,secondary,704,97,yes
22,student,secondary,216,187,yes
45,admin.,secondary,1206,446,yes
35,management,tertiary,62,185,yes
33,student,secondary,1536,92,yes
24,student,tertiary,235,92,yes
65,entrepreneur,tertiary,2331,92,yes
27,management,tertiary,390,104,yes
35,admin.,secondary,-32,182,yes
39,blue-collar,tertiary,172,183,yes
53,admin.,secondary,10541,92,yes
23,student,secondary,480,182,yes
34,admin.,secondary,2374,92,yes
52,unemployed,secondary,94,92,yes
61,retired,tertiary,2557,92,yes
58,technician,secondary,589,183,yes
48,unemployed,secondary,201,92,yes
58,management,secondary,2155,92,yes
39,technician,secondary,902,180,yes
44,management,tertiary,1791,190,yes
27,student,tertiary,5291,91,yes
77,retired,secondary,638,188,yes
76,retired,primary,3324,90,yes
28,blue-collar,secondary,61,174,yes
35,management,tertiary,0,92,yes
59,technician,secondary,116,183,yes
42,blue-collar,secondary,413,184,yes
35,self-employed,tertiary,353,183,yes
60,retired,secondary,523,182,yes
34,blue-collar,secondary,1454,297,yes
57,retired,primary,9367,90,yes
75,retired,secondary,291,183,yes
64,retired,tertiary,846,181,yes
36,technician,tertiary,341,183,yes
29,technician,secondary,113,183,yes
34,management,tertiary,13014,183,yes
41,management,tertiary,27696,184,yes
21,student,secondary,123,93,yes
54,technician,secondary,10185,186,yes
29,management,tertiary,1026,92,yes
38,services,secondary,775,182,yes
48,unemployed,secondary,926,185,yes
46,management,tertiary,349,616,yes
32,technician,secondary,484,187,yes
37,management,tertiary,2987,91,yes
37,technician,tertiary,197,91,yes
23,student,secondary,431,186,yes
58,admin.,secondary,169,91,yes
45,management,tertiary,226,185,yes
30,unemployed,secondary,2424,95,yes
23,student,secondary,1234,91,yes
34,management,tertiary,271,94,yes
61,self-employed,tertiary,52587,189,yes
27,blue-collar,secondary,535,91,yes
52,technician,secondary,195,63,yes
35,management,tertiary,681,561,yes
66,retired,secondary,2326,181,yes
52,services,secondary,961,553,yes
38,management,tertiary,455,555,yes
59,self-employed,tertiary,2013,94,yes
47,blue-collar,secondary,1568,262,yes
60,retired,secondary,1,184,yes
39,management,tertiary,763,189,yes
80,housemaid,primary,0,189,yes
47,admin.,secondary,368,187,yes
37,unemployed,tertiary,7620,176,yes
29,self-employed,tertiary,805,103,yes
40,management,tertiary,0,182,yes
32,management,tertiary,302,384,yes
20,student,secondary,215,92,yes
48,housemaid,tertiary,5473,184,yes
60,admin.,secondary,106,187,yes
70,retired,primary,2346,184,yes
63,technician,secondary,973,388,yes
59,technician,secondary,7766,461,yes
22,student,secondary,948,191,yes
52,technician,secondary,117,186,yes
71,retired,secondary,0,171,yes
33,management,tertiary,71,102,yes
56,technician,secondary,1938,192,yes
30,management,tertiary,5359,191,yes
28,blue-collar,secondary,-46,89,yes
28,technician,secondary,598,288,yes
37,management,tertiary,1027,152,yes
25,student,secondary,154,180,yes
29,technician,tertiary,2489,86,yes
32,management,tertiary,2667,181,yes
42,management,tertiary,144,87,yes
26,admin.,tertiary,760,281,yes
73,retired,secondary,1050,181,yes
26,student,secondary,5296,205,yes
64,retired,tertiary,1644,179,yes
39,services,secondary,53,394,yes
36,services,secondary,52,179,yes
33,management,tertiary,2240,278,yes
31,technician,tertiary,1570,286,yes
59,unemployed,secondary,957,89,yes
35,management,tertiary,2161,181,yes
31,management,tertiary,147,181,yes
35,technician,secondary,294,90,yes
34,management,tertiary,158,181,yes
33,management,tertiary,0,326,yes
36,services,secondary,4721,90,yes
51,blue-collar,primary,3764,181,yes
52,unemployed,secondary,1416,182,yes
39,management,tertiary,494,478,yes
80,retired,primary,155,93,yes
72,retired,secondary,951,339,yes
36,management,tertiary,495,182,yes
74,retired,tertiary,1843,185,yes
35,blue-collar,secondary,262,181,yes
38,housemaid,secondary,465,302,yes
53,admin.,secondary,1796,91,yes
29,management,tertiary,874,181,yes
64,retired,primary,2140,155,yes
46,management,tertiary,273,184,yes
31,management,tertiary,3384,187,yes
43,management,tertiary,2367,181,yes
60,admin.,secondary,3735,90,yes
30,student,secondary,1681,106,yes
43,services,secondary,774,421,yes
62,management,tertiary,3371,178,yes
57,management,tertiary,10583,178,yes
47,management,tertiary,334,326,yes
30,self-employed,tertiary,916,90,yes
28,admin.,tertiary,832,342,yes
57,management,tertiary,3287,337,yes
47,management,tertiary,288,181,yes
27,student,secondary,6036,181,yes
26,management,tertiary,3,350,yes
50,technician,secondary,0,184,yes
84,retired,secondary,81204,94,yes
47,admin.,secondary,70,374,yes
54,technician,secondary,2102,626,yes
24,student,secondary,4126,185,yes
32,management,secondary,1088,363,yes
33,self-employed,tertiary,562,363,yes
33,management,tertiary,718,98,yes
27,technician,tertiary,-67,236,yes
26,management,tertiary,1646,206,yes
49,admin.,secondary,197,182,yes
32,management,tertiary,2016,348,yes
36,management,tertiary,436,595,yes
38,management,tertiary,413,179,yes
23,student,secondary,107,181,yes
44,services,primary,2557,181,yes
35,management,tertiary,2646,183,yes
75,retired,secondary,3771,181,yes
59,technician,secondary,1,378,yes
36,blue-collar,primary,1177,311,yes
22,services,secondary,129,181,yes
22,student,primary,3472,181,yes
30,student,tertiary,7529,183,yes
55,unemployed,secondary,309,181,yes
38,blue-collar,secondary,0,181,yes
39,blue-collar,secondary,1672,648,yes
38,technician,secondary,1711,202,yes
30,student,secondary,2046,254,yes
52,technician,secondary,371,182,yes
62,management,tertiary,997,304,yes
40,technician,tertiary,206,185,yes
42,self-employed,secondary,1216,521,yes
73,retired,primary,796,182,yes
46,admin.,primary,429,369,yes
35,technician,secondary,2779,186,yes
26,management,tertiary,222,334,yes
45,blue-collar,secondary,0,192,yes
29,management,tertiary,1445,143,yes
30,technician,tertiary,655,202,yes
63,blue-collar,primary,115,180,yes
30,management,tertiary,697,181,yes
64,retired,secondary,4787,182,yes
55,housemaid,secondary,962,181,yes
41,unemployed,tertiary,0,181,yes
63,retired,primary,12067,191,yes
37,management,secondary,565,398,yes
19,student,secondary,329,190,yes
61,retired,secondary,4243,182,yes
54,technician,tertiary,395,183,yes
45,admin.,secondary,205,90,yes
48,blue-collar,secondary,1730,89,yes
60,blue-collar,primary,5,95,yes
29,housemaid,tertiary,19,88,yes
77,retired,tertiary,7802,92,yes
80,retired,primary,155,53,yes
33,admin.,tertiary,79,195,yes
41,technician,tertiary,1646,90,yes
74,retired,secondary,935,99,yes
46,blue-collar,secondary,640,55,yes
37,management,tertiary,2283,98,yes
51,technician,tertiary,0,66,yes
35,management,tertiary,62,88,yes
53,management,tertiary,3634,88,yes
46,management,tertiary,273,53,yes
78,retired,secondary,3417,181,yes
34,technician,secondary,133,181,yes
54,management,tertiary,1624,182,yes
33,services,secondary,386,181,yes
40,admin.,secondary,260,181,yes
63,retired,tertiary,0,181,yes
37,management,tertiary,2987,87,yes
48,blue-collar,secondary,1230,182,yes
35,management,tertiary,8000,90,yes
68,retired,secondary,1146,71,yes
37,technician,tertiary,197,87,yes
58,admin.,secondary,169,87,yes
37,management,tertiary,393,275,yes
34,admin.,secondary,920,179,yes
50,admin.,secondary,3608,182,yes
56,management,primary,870,179,yes
57,retired,primary,9367,92,yes
29,unemployed,primary,1374,178,yes
75,retired,tertiary,6027,179,yes
46,management,tertiary,349,88,yes
52,management,tertiary,583,181,yes
38,management,tertiary,1276,182,yes
64,retired,secondary,1612,89,yes
62,retired,secondary,3114,186,yes
41,admin.,tertiary,1,361,yes
53,technician,secondary,195,90,yes
47,blue-collar,secondary,1568,91,yes
46,self-employed,secondary,706,386,yes
21,student,secondary,215,89,yes
71,retired,primary,3230,133,yes
52,admin.,secondary,726,378,yes
30,admin.,secondary,265,181,yes
59,management,primary,1727,358,yes
33,services,secondary,2881,328,yes
31,technician,secondary,846,205,yes
67,retired,primary,1430,135,yes
46,housemaid,secondary,38,183,yes
60,unemployed,secondary,1047,279,yes
36,technician,secondary,1368,292,yes
33,admin.,tertiary,272,237,yes
28,blue-collar,secondary,-46,91,yes
28,services,secondary,168,140,yes
28,management,tertiary,223,278,yes
49,admin.,tertiary,228,92,yes
27,blue-collar,tertiary,644,182,yes
28,admin.,secondary,330,182,yes
30,technician,secondary,1165,183,yes
38,admin.,secondary,0,181,yes
36,technician,secondary,2823,371,yes
28,management,tertiary,187,92,yes
80,retired,secondary,8304,64,yes
31,management,tertiary,147,92,yes
39,services,secondary,323,188,yes
36,management,tertiary,495,94,yes
56,admin.,secondary,602,130,yes
71,retired,primary,275,425,yes
26,services,tertiary,12,181,yes
68,retired,primary,2027,92,yes
27,management,tertiary,1720,224,yes
45,technician,tertiary,2033,285,yes
66,housemaid,primary,1230,181,yes
30,management,tertiary,572,183,yes
34,management,tertiary,3301,227,yes
46,blue-collar,secondary,1723,52,yes
52,blue-collar,secondary,955,134,yes
25,blue-collar,secondary,303,92,yes
57,management,tertiary,3287,84,yes
64,retired,primary,109,225,yes
33,management,tertiary,224,107,yes
36,management,tertiary,538,183,yes
25,student,secondary,1957,385,yes
43,services,secondary,774,91,yes
49,management,tertiary,1167,150,yes
42,technician,tertiary,2611,389,yes
27,blue-collar,secondary,3145,179,yes
47,management,tertiary,334,94,yes
39,technician,tertiary,393,94,yes
60,retired,secondary,11,586,yes
58,blue-collar,primary,3109,287,yes
41,admin.,secondary,3126,91,yes
23,services,secondary,488,91,yes
35,unemployed,secondary,978,182,yes
33,management,tertiary,718,84,yes
48,admin.,secondary,1544,450,yes
43,management,tertiary,0,296,yes
32,management,tertiary,12569,295,yes
63,retired,secondary,2896,119,yes
39,management,tertiary,224,88,yes
30,technician,tertiary,0,424,yes
32,management,tertiary,623,194,yes
60,technician,secondary,259,386,yes
37,technician,secondary,432,776,yes
48,management,tertiary,159,251,yes
52,services,secondary,657,460,yes
29,management,tertiary,1808,433,yes
47,management,tertiary,6651,412,yes
70,retired,primary,2795,181,yes
28,management,tertiary,1414,521,yes
80,retired,secondary,668,371,yes
29,management,tertiary,502,87,yes
38,admin.,secondary,1767,239,yes
43,admin.,secondary,386,529,yes
57,retired,secondary,1044,182,yes
31,management,tertiary,2907,194,yes
25,blue-collar,secondary,1857,91,yes
33,management,tertiary,1962,181,yes
79,retired,primary,2787,377,yes
26,blue-collar,secondary,2007,182,yes
70,retired,primary,482,181,yes
86,retired,primary,1255,180,yes
35,management,secondary,724,415,yes
66,retired,secondary,154,181,yes
30,management,tertiary,232,91,yes
60,retired,tertiary,979,181,yes
46,admin.,secondary,5021,182,yes
63,blue-collar,secondary,180,182,yes
35,services,secondary,2918,407,yes
64,retired,secondary,588,179,yes
22,student,primary,423,179,yes
48,unemployed,secondary,817,183,yes
34,technician,secondary,806,458,yes
36,management,tertiary,1057,164,yes
57,retired,secondary,3738,92,yes
29,admin.,secondary,1277,481,yes
24,admin.,secondary,1295,92,yes
34,unemployed,tertiary,1974,342,yes
27,admin.,tertiary,2855,178,yes
36,management,tertiary,203,179,yes
30,student,tertiary,3026,535,yes
41,technician,tertiary,431,88,yes
82,retired,primary,243,180,yes
37,technician,secondary,1707,784,yes
61,self-employed,tertiary,10861,259,yes
33,management,tertiary,373,180,yes
45,technician,secondary,2776,181,yes
61,retired,secondary,1058,91,yes
40,admin.,secondary,0,182,yes
82,housemaid,primary,1381,181,yes
27,student,tertiary,311,148,yes
53,blue-collar,primary,306,181,yes
57,technician,tertiary,1181,182,yes
31,management,tertiary,1761,440,yes
35,unemployed,tertiary,154,181,yes
77,retired,secondary,4112,184,yes
32,management,tertiary,6138,90,yes
69,retired,tertiary,2144,184,yes
69,technician,tertiary,482,267,yes
34,admin.,tertiary,0,183,yes
45,management,tertiary,4831,182,yes
64,retired,primary,12067,92,yes
35,technician,secondary,1227,134,yes
34,management,secondary,369,342,yes
53,admin.,secondary,2398,180,yes
63,management,tertiary,2785,392,yes
37,management,tertiary,62,272,yes
29,student,secondary,1377,446,yes
62,retired,secondary,569,180,yes
34,technician,secondary,0,470,yes
56,services,secondary,1989,181,yes
48,housemaid,primary,46,180,yes
68,retired,tertiary,2812,181,yes
62,retired,secondary,569,1,yes
68,retired,tertiary,2812,1,yes
38,management,tertiary,1199,1,yes
63,entrepreneur,secondary,3904,187,yes
45,admin.,secondary,205,92,yes
59,unemployed,secondary,1625,180,yes
35,unemployed,tertiary,415,92,yes
33,technician,secondary,180,435,yes
48,housemaid,primary,46,1,yes
38,services,secondary,4017,96,yes
29,management,tertiary,437,92,yes
38,technician,secondary,318,182,yes
41,technician,tertiary,1646,92,yes
56,management,tertiary,2037,91,yes
33,technician,secondary,2979,437,yes
34,admin.,secondary,661,183,yes
34,management,tertiary,417,174,yes
37,management,tertiary,2283,92,yes
33,student,secondary,1536,178,yes
61,blue-collar,primary,5,94,yes
22,student,secondary,216,179,yes
37,management,secondary,565,93,yes
35,admin.,secondary,-32,178,yes
60,technician,secondary,824,181,yes
33,management,tertiary,1514,728,yes
53,unemployed,secondary,94,181,yes
30,technician,tertiary,2325,127,yes
56,technician,secondary,3450,181,yes
38,entrepreneur,secondary,2543,414,yes
29,admin.,secondary,464,518,yes
61,retired,secondary,1853,181,yes
62,blue-collar,secondary,272,286,yes
65,entrepreneur,tertiary,2331,183,yes
60,technician,secondary,116,181,yes
30,student,secondary,1779,433,yes
51,management,tertiary,346,180,yes
36,self-employed,tertiary,353,181,yes
42,management,tertiary,27696,91,yes
58,management,secondary,2155,182,yes
43,blue-collar,secondary,413,182,yes
77,retired,primary,2590,178,yes
34,blue-collar,secondary,320,828,yes
35,blue-collar,secondary,1454,182,yes
39,blue-collar,secondary,1382,182,yes
35,self-employed,tertiary,2427,31,yes
48,unemployed,secondary,926,178,yes
26,unemployed,secondary,632,181,yes
49,services,primary,1830,179,yes
37,technician,tertiary,341,182,yes
61,retired,secondary,523,183,yes
33,technician,secondary,484,182,yes
27,blue-collar,secondary,535,95,yes
24,student,secondary,431,185,yes
61,housemaid,primary,211,186,yes
60,management,tertiary,315,183,yes
32,admin.,secondary,200,29,yes
31,services,secondary,-205,579,yes
28,blue-collar,secondary,-46,92,yes
55,admin.,secondary,8304,92,yes
37,management,tertiary,1113,183,yes
33,admin.,tertiary,272,92,yes
75,retired,primary,1413,188,yes
41,unemployed,tertiary,7968,184,yes
25,student,secondary,154,183,yes
27,student,tertiary,5169,466,yes
49,admin.,tertiary,228,93,yes
43,technician,secondary,4945,185,yes
48,management,tertiary,0,125,yes
65,admin.,secondary,952,96,yes
37,services,secondary,52,185,yes
37,management,tertiary,6771,186,yes
51,management,tertiary,151,427,yes
38,admin.,secondary,0,92,yes
34,management,tertiary,2240,184,yes
60,unemployed,secondary,957,184,yes
36,management,tertiary,2161,183,yes
80,retired,secondary,8304,91,yes
39,management,tertiary,494,183,yes
62,retired,secondary,2801,183,yes
84,retired,tertiary,4761,92,yes
31,management,tertiary,877,92,yes
33,unemployed,secondary,2066,749,yes
33,admin.,secondary,555,365,yes
64,retired,primary,48,92,yes
48,technician,primary,235,191,yes
28,admin.,secondary,1595,254,yes
28,student,tertiary,5741,200,yes
28,management,tertiary,187,93,yes
52,unemployed,secondary,1416,187,yes
25,student,secondary,486,199,yes
62,retired,tertiary,2557,216,yes
41,admin.,secondary,3138,398,yes
28,management,tertiary,1720,91,yes
75,retired,primary,1765,187,yes
35,blue-collar,secondary,262,75,yes
49,management,tertiary,1093,246,yes
38,management,tertiary,1477,769,yes
72,retired,tertiary,3561,184,yes
31,management,tertiary,3340,469,yes
49,technician,tertiary,1071,91,yes
29,management,tertiary,247,587,yes
60,retired,secondary,975,792,yes
31,student,tertiary,4951,81,yes
37,management,tertiary,488,854,yes
46,management,tertiary,624,183,yes
44,management,tertiary,2367,184,yes
23,technician,secondary,283,184,yes
60,admin.,secondary,3735,184,yes
55,management,secondary,2693,184,yes
43,unemployed,secondary,0,184,yes
31,housemaid,secondary,243,842,yes
29,unemployed,secondary,1055,603,yes
59,management,tertiary,5397,92,yes
32,blue-collar,secondary,2093,444,yes
49,management,tertiary,1167,91,yes
55,services,secondary,0,193,yes
38,services,secondary,2678,187,yes
61,retired,secondary,11,92,yes
28,management,tertiary,390,232,yes
31,student,secondary,3511,96,yes
39,management,tertiary,2939,99,yes
58,admin.,secondary,3337,690,yes
48,admin.,secondary,368,140,yes
36,technician,secondary,12264,182,yes
67,retired,secondary,203,266,yes
30,management,tertiary,502,95,yes
31,management,tertiary,4328,165,yes
33,management,tertiary,131,427,yes
36,management,tertiary,2646,182,yes
62,self-employed,tertiary,6,183,yes
29,self-employed,tertiary,1579,92,yes
26,blue-collar,secondary,2007,92,yes
59,technician,secondary,1,182,yes
51,management,tertiary,469,182,yes
27,technician,secondary,643,93,yes
60,retired,secondary,514,213,yes
42,unemployed,secondary,1289,92,yes
47,admin.,secondary,3676,95,yes
43,unemployed,tertiary,0,94,yes
22,management,tertiary,104,185,yes
49,blue-collar,secondary,1946,95,yes
44,management,tertiary,1090,93,yes
64,retired,secondary,4833,181,yes
29,student,secondary,1925,149,yes
52,management,secondary,335,182,yes
52,technician,secondary,371,183,yes
54,management,tertiary,5475,91,yes
37,management,tertiary,203,90,yes
77,retired,secondary,820,181,yes
34,technician,secondary,1279,91,yes
29,blue-collar,tertiary,455,148,yes
38,management,tertiary,536,92,yes
30,management,tertiary,985,94,yes
74,retired,secondary,935,173,yes
31,admin.,secondary,410,185,yes
33,admin.,secondary,51,284,yes
26,management,tertiary,222,120,yes
47,admin.,secondary,1210,91,yes
56,admin.,secondary,1693,442,yes
54,technician,tertiary,876,541,yes
24,student,secondary,822,91,yes
70,retired,secondary,0,92,yes
63,entrepreneur,secondary,3904,96,yes
38,technician,tertiary,88,186,yes
44,entrepreneur,tertiary,121,91,yes
52,technician,tertiary,0,92,yes
35,technician,secondary,0,96,yes
29,admin.,secondary,464,91,yes
41,unemployed,tertiary,79,390,yes
62,retired,tertiary,2557,57,yes
62,blue-collar,secondary,272,92,yes
38,entrepreneur,secondary,2543,93,yes
36,admin.,secondary,1224,374,yes
34,blue-collar,secondary,320,92,yes
60,services,tertiary,4256,92,yes
29,management,secondary,703,550,yes
32,blue-collar,secondary,136,188,yes
75,retired,tertiary,3810,183,yes
68,retired,secondary,1146,187,yes
53,management,tertiary,583,184,yes
73,retired,secondary,2850,40,yes
72,retired,secondary,5715,184,yes
59,management,tertiary,2239,90,yes
34,services,secondary,2918,196,yes
37,admin.,tertiary,4708,181,yes
31,management,tertiary,3283,73,yes
33,unemployed,secondary,1211,188,yes
30,management,tertiary,697,102,yes
40,management,tertiary,4539,439,yes
28,services,tertiary,128,414,yes
47,management,tertiary,1147,95,yes
37,unemployed,secondary,1978,182,yes
23,student,secondary,922,184,yes
40,technician,secondary,694,119,yes
57,management,secondary,2155,91,yes
35,technician,tertiary,7050,187,yes
45,management,secondary,644,168,yes
34,admin.,tertiary,69,1,yes
24,management,tertiary,1506,95,yes
30,services,tertiary,1788,181,yes
71,retired,tertiary,653,189,yes
41,management,tertiary,3426,297,yes
29,admin.,tertiary,238,88,yes
36,technician,secondary,27,260,yes
51,technician,tertiary,1347,243,yes
61,retired,tertiary,2557,190,yes
34,technician,secondary,0,2,yes
55,technician,tertiary,1320,91,yes
69,retired,secondary,0,90,yes
41,unemployed,secondary,1077,387,yes
45,admin.,primary,429,181,yes
48,blue-collar,secondary,863,350,yes
50,technician,secondary,0,120,yes
30,self-employed,tertiary,655,184,yes
27,blue-collar,tertiary,567,182,yes
35,technician,secondary,399,345,yes
59,admin.,secondary,3735,121,yes
27,technician,tertiary,401,93,yes
29,self-employed,tertiary,3290,291,yes
61,retired,secondary,938,183,yes
44,technician,tertiary,2033,99,yes
21,student,secondary,2488,169,yes
52,technician,tertiary,2557,204,yes
41,admin.,secondary,6046,182,yes
33,management,tertiary,816,503,yes
33,services,secondary,1697,182,yes
36,entrepreneur,secondary,866,173,yes
42,entrepreneur,secondary,0,140,yes
40,technician,tertiary,11766,242,yes
48,management,secondary,2892,385,yes
55,management,tertiary,2037,273,yes
27,technician,secondary,2,356,yes
36,entrepreneur,secondary,2971,97,yes
34,management,tertiary,3301,92,yes
72,admin.,primary,2321,64,yes
54,services,secondary,0,290,yes
26,student,tertiary,294,91,yes
42,admin.,secondary,527,185,yes
32,management,tertiary,3283,191,yes
31,self-employed,tertiary,2666,97,yes
62,retired,secondary,569,184,yes
58,management,tertiary,473,262,yes
53,admin.,secondary,1796,193,yes
45,management,tertiary,226,179,yes
60,blue-collar,primary,5,92,yes
31,services,secondary,447,77,yes
39,services,secondary,91,185,yes
38,technician,secondary,5115,95,yes
38,admin.,secondary,19,251,yes
38,blue-collar,secondary,0,183,yes
35,student,tertiary,387,347,yes
34,management,tertiary,0,86,yes
58,retired,primary,2538,111,yes
34,technician,secondary,133,187,yes
33,admin.,tertiary,146,91,yes
77,retired,primary,2590,277,yes
37,management,tertiary,238,92,yes
38,management,tertiary,238,92,yes
38,management,tertiary,413,183,yes
31,management,tertiary,1331,86,yes
31,technician,tertiary,985,57,yes
40,technician,secondary,2266,147,yes
27,blue-collar,secondary,535,87,yes
62,housemaid,tertiary,1528,184,yes
33,admin.,secondary,-370,345,yes
27,technician,tertiary,11862,97,yes
47,housemaid,secondary,3940,97,yes
43,services,tertiary,4216,195,yes
49,services,primary,0,166,yes
28,unemployed,primary,7459,269,yes
32,admin.,secondary,131,183,yes
29,management,secondary,231,14,yes
23,technician,secondary,598,195,yes
41,technician,secondary,1819,371,yes
66,management,secondary,587,392,yes
62,retired,secondary,1495,57,yes
33,management,tertiary,271,91,yes
54,management,tertiary,1014,162,yes
45,management,tertiary,1411,102,yes
31,technician,secondary,2544,184,yes
33,technician,tertiary,1699,94,yes
56,retired,secondary,393,221,yes
35,technician,tertiary,2658,141,yes
32,student,tertiary,64,105,yes
36,admin.,tertiary,994,90,yes
55,retired,secondary,2204,264,yes
42,unemployed,tertiary,576,96,yes
40,management,tertiary,3840,409,yes
26,student,tertiary,5169,35,yes
31,management,tertiary,533,91,yes
44,self-employed,tertiary,1070,104,yes
48,management,tertiary,0,182,yes
35,unemployed,tertiary,415,89,yes
46,technician,secondary,3434,101,yes
32,admin.,secondary,35,126,yes
30,management,tertiary,5359,98,yes
31,technician,tertiary,2166,182,yes
36,management,tertiary,495,97,yes
34,admin.,secondary,2374,209,yes
28,student,secondary,1925,88,yes
23,services,secondary,279,370,yes
32,entrepreneur,secondary,390,280,yes
24,student,secondary,1234,156,yes
56,management,tertiary,616,83,yes
27,services,secondary,1347,193,yes
60,retired,secondary,1853,183,yes
64,management,tertiary,3951,91,yes
48,admin.,secondary,660,561,yes
20,student,secondary,215,95,yes
77,retired,primary,3324,91,yes
32,technician,tertiary,1246,85,yes
33,management,tertiary,1271,330,yes
51,management,tertiary,346,192,yes
36,management,tertiary,1379,186,yes
49,management,tertiary,1093,91,yes
48,management,tertiary,334,92,yes
25,student,secondary,125,92,yes
37,management,tertiary,1113,182,yes
25,blue-collar,secondary,1857,187,yes
62,self-employed,tertiary,6,182,yes
34,services,secondary,1076,182,yes
45,management,tertiary,2048,804,yes
19,student,primary,608,180,yes
43,admin.,secondary,132,71,yes
50,blue-collar,primary,3764,99,yes
37,services,secondary,4017,196,yes
24,blue-collar,secondary,272,94,yes
43,blue-collar,secondary,2160,98,yes
23,student,tertiary,691,178,yes
46,housemaid,primary,3512,197,yes
59,entrepreneur,secondary,496,183,yes
74,retired,tertiary,1843,184,yes
42,unemployed,secondary,1289,415,yes
29,housemaid,tertiary,19,230,yes
41,management,tertiary,254,294,yes
31,blue-collar,secondary,136,267,yes
27,student,tertiary,13107,314,yes
42,management,tertiary,11008,405,yes
30,management,tertiary,536,91,yes
41,management,tertiary,1757,239,yes
58,retired,secondary,1230,87,yes
36,management,tertiary,93,182,yes
34,admin.,tertiary,69,251,yes
30,services,secondary,-158,370,yes
27,admin.,secondary,4590,89,yes
36,management,tertiary,0,143,yes
52,admin.,secondary,363,462,yes
39,technician,secondary,385,48,yes
24,technician,secondary,556,94,yes
59,management,tertiary,315,176,yes
35,student,secondary,188,200,yes
58,admin.,secondary,169,92,yes
29,student,secondary,67,187,yes
30,admin.,secondary,396,348,yes
34,technician,secondary,2085,182,yes
44,blue-collar,primary,36,371,yes
53,management,tertiary,50,337,yes
37,management,tertiary,102,258,yes
36,blue-collar,primary,828,345,yes
32,technician,tertiary,2688,57,yes
32,blue-collar,secondary,889,99,yes
29,management,tertiary,224,81,yes
24,student,secondary,1809,95,yes
21,student,primary,423,285,yes
53,blue-collar,primary,4401,92,yes
34,admin.,tertiary,69,205,yes
21,blue-collar,primary,-172,361,yes
27,blue-collar,tertiary,567,184,yes
75,retired,secondary,291,182,yes
50,admin.,secondary,3608,197,yes
60,admin.,secondary,-41,262,yes
49,services,secondary,202,104,yes
38,management,tertiary,3141,189,yes
30,admin.,secondary,3528,92,yes
44,blue-collar,primary,-101,366,yes
29,self-employed,tertiary,1579,181,yes
54,unemployed,secondary,1561,186,yes
33,management,tertiary,224,92,yes
59,admin.,secondary,3735,91,yes
30,housemaid,tertiary,19,92,yes
28,blue-collar,secondary,61,319,yes
31,self-employed,tertiary,5,135,yes
49,blue-collar,secondary,1730,92,yes
43,unemployed,tertiary,0,281,yes
40,unemployed,tertiary,7968,180,yes
39,unemployed,primary,7005,184,yes
71,technician,secondary,3020,270,yes
67,retired,secondary,704,87,yes
34,management,tertiary,8000,260,yes
27,technician,tertiary,2781,389,yes
28,management,tertiary,2725,504,yes
37,technician,tertiary,3943,138,yes
76,retired,primary,802,181,yes
48,management,tertiary,2351,105,yes
31,services,primary,459,293,yes
49,admin.,secondary,3608,168,yes
42,management,primary,5310,97,yes
68,retired,tertiary,2144,96,yes
36,management,tertiary,495,37,yes
34,technician,secondary,294,184,yes
46,blue-collar,secondary,640,182,yes
29,unemployed,primary,1374,208,yes
23,self-employed,tertiary,780,183,yes
37,management,tertiary,630,87,yes
31,management,tertiary,3384,104,yes
32,technician,tertiary,2976,175,yes
60,housemaid,secondary,0,181,yes
44,admin.,secondary,1534,95,yes
56,retired,primary,1947,123,yes
68,retired,primary,2027,91,yes
37,management,tertiary,72,150,yes
53,services,secondary,36,417,yes
33,admin.,secondary,5,368,yes
24,technician,secondary,598,182,yes
57,management,tertiary,256,91,yes
40,technician,tertiary,1646,91,yes
35,technician,tertiary,670,182,yes
22,student,secondary,71,181,yes
38,technician,secondary,5115,102,yes
40,management,tertiary,-17,256,yes
63,management,tertiary,5112,95,yes
50,retired,secondary,8648,176,yes
27,self-employed,tertiary,168,196,yes
44,management,tertiary,1791,182,yes
36,services,secondary,4721,92,yes
68,retired,secondary,1146,110,yes
32,technician,secondary,660,490,yes
46,self-employed,tertiary,2421,100,yes
26,management,tertiary,222,63,yes
32,technician,secondary,473,95,yes
41,management,tertiary,2226,99,yes
34,admin.,tertiary,79,92,yes
51,management,tertiary,346,92,yes
34,management,tertiary,158,92,yes
25,technician,secondary,7103,10,yes
47,admin.,secondary,3696,181,yes
30,student,secondary,48,191,yes
46,admin.,secondary,974,80,yes
46,management,tertiary,273,105,yes
42,management,tertiary,2665,126,yes
29,self-employed,tertiary,3290,50,yes
37,management,tertiary,1276,94,yes
32,blue-collar,secondary,10287,188,yes
53,management,tertiary,1624,98,yes
53,technician,tertiary,395,148,yes
32,technician,secondary,484,463,yes
43,management,tertiary,2987,85,yes
61,management,tertiary,2,114,yes
27,technician,tertiary,1075,184,yes
61,self-employed,tertiary,10861,91,yes
49,blue-collar,primary,24,362,yes
25,blue-collar,secondary,1857,91,yes
51,management,tertiary,2635,74,yes
32,blue-collar,secondary,225,150,yes
72,retired,primary,4657,91,yes
34,admin.,secondary,1406,85,yes
38,technician,secondary,6728,96,yes
35,management,tertiary,611,121,yes
22,student,primary,3472,183,yes
42,blue-collar,secondary,366,106,yes
38,admin.,secondary,262,180,yes
42,management,tertiary,372,1,yes
42,management,tertiary,27696,89,yes
31,management,tertiary,12857,87,yes
38,admin.,tertiary,1988,130,yes
27,admin.,secondary,1595,197,yes
31,technician,tertiary,882,93,yes
32,management,tertiary,6542,175,yes
40,services,secondary,687,208,yes
36,management,tertiary,5958,184,yes
35,technician,tertiary,7050,182,yes
50,management,tertiary,5969,544,yes
33,management,tertiary,935,92,yes
32,management,tertiary,935,375,yes
45,blue-collar,secondary,0,472,yes
23,student,secondary,107,183,yes
61,retired,tertiary,2557,91,yes
31,unemployed,tertiary,302,357,yes
48,unemployed,secondary,201,91,yes
73,retired,primary,796,182,yes
38,admin.,secondary,1559,280,yes
51,management,tertiary,469,181,yes
33,services,secondary,152,365,yes
39,technician,secondary,1587,98,yes
35,management,tertiary,495,87,yes
28,self-employed,tertiary,159,33,yes
41,admin.,secondary,985,391,yes
28,admin.,secondary,4745,181,yes
53,management,secondary,2693,104,yes
45,management,tertiary,160,194,yes
67,retired,primary,1430,91,yes
37,blue-collar,secondary,604,495,yes
37,management,tertiary,255,183,yes
47,admin.,secondary,368,87,yes
41,services,secondary,471,293,yes
72,retired,secondary,5715,181,yes
36,admin.,tertiary,364,123,yes
39,services,secondary,25,351,yes
55,technician,secondary,3450,183,yes
35,admin.,secondary,2374,183,yes
32,technician,tertiary,5514,182,yes
29,blue-collar,tertiary,455,36,yes
37,management,tertiary,0,182,yes
67,management,tertiary,405,95,yes
31,management,tertiary,533,90,yes
36,services,secondary,1227,341,yes
49,blue-collar,secondary,2039,169,yes
54,blue-collar,primary,4401,183,yes
31,unemployed,tertiary,330,181,yes
30,management,tertiary,398,180,yes
48,blue-collar,secondary,238,81,no
34,admin.,secondary,673,260,no
31,blue-collar,primary,-199,299,no
35,admin.,secondary,181,301,no
46,blue-collar,secondary,942,119,no
49,entrepreneur,secondary,5802,104,no
45,admin.,secondary,1097,208,no
37,technician,secondary,24,105,no
40,services,secondary,0,28,no
56,management,tertiary,563,168,no
53,self-employed,secondary,248,126,no
55,retired,tertiary,357,103,no
56,management,tertiary,2366,188,no
32,management,tertiary,307,201,no
41,management,tertiary,-29,266,no
60,retired,tertiary,2194,263,no
60,management,secondary,0,87,no
28,blue-collar,tertiary,1984,14,no
50,technician,tertiary,3117,164,no
45,entrepreneur,secondary,242,198,no
31,blue-collar,secondary,573,269,no
35,self-employed,tertiary,1178,183,no
48,admin.,secondary,-407,352,no
43,unemployed,secondary,775,106,no
26,admin.,secondary,96,345,no
39,management,tertiary,633,133,no
34,blue-collar,secondary,1924,253,no
62,management,tertiary,0,182,no
55,management,tertiary,0,187,no
88,retired,secondary,433,274,no
41,services,secondary,2399,351,no
35,blue-collar,primary,147,337,no
43,management,tertiary,9,401,no
32,services,secondary,289,257,no
32,housemaid,primary,-184,197,no
37,admin.,tertiary,3954,117,no
34,blue-collar,secondary,-257,368,no
35,management,tertiary,1750,175,no
33,self-employed,tertiary,263,94,no
29,admin.,secondary,6429,352,no
33,management,tertiary,312,369,no
29,unemployed,tertiary,7,179,no
35,blue-collar,secondary,142,168,no
44,admin.,secondary,777,350,no
31,services,primary,997,190,no
30,unemployed,tertiary,1159,68,no
57,unemployed,secondary,1350,388,no
45,blue-collar,secondary,87,360,no
57,management,tertiary,3431,189,no
33,technician,secondary,151,236,no
37,admin.,tertiary,0,119,no
53,services,secondary,367,261,no
56,management,tertiary,505,169,no
33,management,tertiary,22867,440,no
37,management,secondary,1655,175,no
39,blue-collar,secondary,1403,326,no
34,admin.,secondary,140,365,no
57,retired,secondary,3738,367,no
32,blue-collar,primary,1918,172,no
43,blue-collar,primary,250,342,no
32,admin.,secondary,337,368,no
36,management,tertiary,806,259,no
40,admin.,secondary,367,274,no
41,blue-collar,secondary,1954,110,no
39,management,tertiary,839,774,no
49,management,tertiary,342,228,no
32,management,tertiary,141,89,no
42,blue-collar,primary,402,330,no
33,technician,tertiary,8023,105,no
28,student,secondary,1925,93,no
41,admin.,secondary,1395,308,no
55,management,primary,621,208,no
51,management,tertiary,119,165,no
39,blue-collar,secondary,5222,177,no
59,admin.,secondary,92,350,no
44,services,secondary,1450,314,no
34,technician,secondary,1026,100,no
28,management,tertiary,385,193,no
38,management,tertiary,5432,149,no
54,retired,tertiary,349,175,no
60,retired,tertiary,381,344,no
53,retired,secondary,4968,87,no
30,admin.,secondary,873,167,no
30,management,tertiary,265,93,no
36,management,tertiary,243,360,no
52,management,tertiary,1944,323,no
38,services,secondary,8876,75,no
52,admin.,secondary,423,96,no
29,services,secondary,376,183,no
27,technician,secondary,21,356,no
29,management,tertiary,92,92,no
37,management,tertiary,600,196,no
39,management,tertiary,691,255,no
47,blue-collar,secondary,3696,170,no
47,blue-collar,primary,2,190,no
40,management,tertiary,384,327,no
39,blue-collar,secondary,284,318,no
45,technician,secondary,3395,188,no
39,admin.,secondary,3047,370,no
30,admin.,secondary,523,101,no
45,services,secondary,0,192,no
34,management,tertiary,171,294,no
30,admin.,secondary,613,302,no
32,technician,tertiary,514,168,no
30,technician,secondary,426,111,no
52,self-employed,secondary,1291,169,no
35,management,tertiary,105,365,no
39,admin.,secondary,47,371,no
37,management,primary,1506,80,no
30,admin.,tertiary,26,323,no
36,management,tertiary,1582,197,no
41,blue-collar,primary,3658,330,no
39,services,primary,324,312,no
37,services,secondary,1694,251,no
47,technician,secondary,644,160,no
38,admin.,secondary,3834,327,no
48,self-employed,secondary,1559,133,no
34,admin.,secondary,598,324,no
63,housemaid,secondary,2,93,no
50,blue-collar,primary,15,350,no
41,admin.,secondary,2550,347,no
26,technician,secondary,3244,5,no
37,self-employed,primary,235,323,no
49,blue-collar,secondary,298,86,no
46,admin.,secondary,875,353,no
42,unemployed,primary,-581,370,no
47,admin.,secondary,829,188,no
33,admin.,tertiary,490,363,no
40,blue-collar,primary,592,350,no
82,housemaid,primary,1381,93,no
40,technician,secondary,192,351,no
40,services,secondary,0,185,no
40,blue-collar,primary,34,344,no
32,blue-collar,secondary,897,322,no
31,management,tertiary,1224,119,no
39,technician,secondary,2266,93,no
35,blue-collar,primary,-367,350,no
60,management,tertiary,553,210,no
55,admin.,secondary,1693,102,no
40,technician,secondary,372,100,no
37,admin.,secondary,810,295,no
36,services,secondary,1746,316,no
59,admin.,primary,879,259,no
30,admin.,secondary,873,216,no
40,admin.,secondary,782,202,no
44,management,secondary,488,183,no
40,management,tertiary,1509,58,no
56,admin.,primary,0,227,no
54,technician,secondary,0,106,no
31,technician,secondary,180,70,no
35,management,tertiary,1120,771,no
27,services,secondary,54,370,no
40,blue-collar,secondary,82,370,no
34,unemployed,secondary,438,323,no
52,blue-collar,tertiary,297,195,no
34,blue-collar,secondary,215,94,no
39,management,tertiary,0,369,no
33,management,tertiary,1778,103,no
34,self-employed,tertiary,2427,70,no
37,management,tertiary,2173,114,no
56,technician,secondary,751,177,no
36,management,tertiary,-547,259,no
51,technician,tertiary,11222,171,no
24,admin.,secondary,299,321,no
28,blue-collar,primary,431,363,no
35,management,tertiary,-292,272,no
33,management,tertiary,191,209,no
51,blue-collar,primary,216,274,no
44,admin.,secondary,764,213,no
45,admin.,secondary,1214,189,no
68,retired,tertiary,2820,92,no
30,technician,secondary,4787,167,no
35,technician,secondary,294,98,no
58,services,secondary,-37,205,no
32,management,tertiary,937,190,no
55,blue-collar,secondary,2059,259,no
45,entrepreneur,tertiary,1273,162,no
28,student,tertiary,3733,91,no
50,housemaid,secondary,388,89,no
34,management,tertiary,577,153,no
33,admin.,secondary,17,351,no
59,management,primary,2769,131,no
38,self-employed,secondary,215,167,no
44,admin.,secondary,275,367,no
36,technician,secondary,556,189,no
35,technician,secondary,1693,105,no
43,blue-collar,primary,-181,337,no
40,admin.,secondary,67,152,no
39,blue-collar,secondary,171,353,no
74,retired,primary,2308,535,no
32,services,secondary,1844,201,no
40,management,primary,738,258,no
49,technician,tertiary,1807,82,no
38,technician,tertiary,127,50,no
29,blue-collar,secondary,339,354,no
32,services,secondary,3839,189,no
35,blue-collar,primary,0,290,no
35,technician,secondary,149,245,no
39,technician,tertiary,11766,102,no
36,management,tertiary,335,772,no
27,admin.,tertiary,689,307,no
34,admin.,tertiary,1636,521,no
37,management,tertiary,332,84,no
49,unemployed,tertiary,377,59,no
30,services,secondary,438,178,no
28,services,secondary,458,201,no
39,services,secondary,702,300,no
29,management,tertiary,318,356,no
27,technician,secondary,261,247,no
36,management,tertiary,219,196,no
38,management,tertiary,76,287,no
31,entrepreneur,secondary,159,182,no
50,technician,secondary,2497,176,no
50,technician,secondary,-97,306,no
40,admin.,secondary,732,139,no
34,technician,tertiary,2658,230,no
38,blue-collar,primary,2240,183,no
55,services,secondary,841,372,no
42,blue-collar,primary,7735,144,no
35,blue-collar,primary,2490,180,no
40,services,secondary,19343,179,no
34,blue-collar,secondary,-131,356,no
33,blue-collar,primary,557,331,no
34,blue-collar,secondary,39,299,no
59,management,tertiary,2764,56,no
39,management,tertiary,1682,170,no
61,retired,secondary,89,181,no
58,management,tertiary,1318,179,no
36,management,tertiary,4,61,no
48,blue-collar,primary,430,371,no
38,entrepreneur,tertiary,678,152,no
36,technician,secondary,1345,172,no
54,technician,secondary,198,171,no
54,retired,primary,136,332,no
33,management,tertiary,644,271,no
44,blue-collar,primary,-57,356,no
31,technician,secondary,1282,460,no
50,self-employed,secondary,766,304,no
36,entrepreneur,secondary,296,111,no
38,blue-collar,secondary,13156,331,no
36,blue-collar,secondary,219,347,no
36,blue-collar,secondary,1797,181,no
33,blue-collar,secondary,15341,334,no
33,technician,secondary,2583,108,no
35,management,tertiary,62,15,no
32,technician,secondary,253,170,no
29,admin.,secondary,252,371,no
51,management,tertiary,1612,131,no
36,admin.,tertiary,994,105,no
34,blue-collar,secondary,2994,176,no
38,services,secondary,507,344,no
31,blue-collar,tertiary,328,175,no
48,services,secondary,2597,355,no
58,entrepreneur,primary,1153,337,no
36,management,tertiary,649,91,no
40,blue-collar,secondary,679,304,no
60,retired,secondary,2060,95,no
33,blue-collar,secondary,706,322,no
42,blue-collar,primary,156,371,no
34,admin.,secondary,1467,332,no
40,blue-collar,secondary,1508,85,no
37,services,secondary,241,371,no
39,services,secondary,322,350,no
31,entrepreneur,secondary,10,188,no
31,blue-collar,secondary,609,335,no
42,services,secondary,108,365,no
39,housemaid,secondary,70,128,no
42,admin.,secondary,30,266,no
62,retired,primary,1515,187,no
46,management,tertiary,716,172,no
32,admin.,secondary,620,343,no
53,technician,tertiary,2557,182,no
32,technician,tertiary,703,271,no
36,technician,secondary,432,255,no
43,admin.,secondary,323,369,no
33,services,secondary,406,275,no
43,technician,secondary,6835,152,no
44,management,tertiary,2422,269,no
51,management,tertiary,-55,266,no
38,services,primary,3715,327,no
40,admin.,secondary,877,177,no
34,management,secondary,56,183,no
36,admin.,secondary,1954,174,no
39,technician,secondary,1685,368,no
69,retired,primary,2398,186,no
37,management,tertiary,57,84,no
33,admin.,secondary,-15,350,no
37,management,tertiary,393,104,no
76,retired,tertiary,2991,95,no
77,retired,primary,2223,187,no
30,technician,tertiary,3086,168,no
36,technician,secondary,7503,335,no
72,retired,secondary,2850,241,no
30,technician,secondary,778,346,no
38,management,tertiary,0,197,no
29,admin.,tertiary,167,237,no
27,technician,secondary,876,355,no
27,self-employed,secondary,254,188,no
42,services,secondary,83,358,no
28,technician,secondary,6551,77,no
52,blue-collar,primary,230,170,no
33,management,tertiary,71,287,no
30,blue-collar,secondary,1012,329,no
33,management,tertiary,62,264,no
43,technician,secondary,0,342,no
47,technician,secondary,1571,369,no
52,technician,secondary,0,83,no
39,management,tertiary,4692,174,no
23,blue-collar,secondary,0,350,no
57,blue-collar,primary,739,364,no
31,services,secondary,900,140,no
30,management,tertiary,314,175,no
76,retired,secondary,2302,87,no
36,admin.,tertiary,980,179,no
49,management,tertiary,3842,186,no
37,technician,tertiary,6101,87,no
51,technician,secondary,2,205,no
29,technician,secondary,477,305,no
57,retired,secondary,0,363,no
52,admin.,secondary,722,185,no
34,admin.,secondary,296,136,no
40,management,tertiary,257,209,no
41,blue-collar,secondary,306,369,no
38,self-employed,tertiary,2084,330,no
31,blue-collar,secondary,-209,367,no
45,admin.,secondary,946,175,no
34,blue-collar,secondary,1988,266,no
35,self-employed,tertiary,1129,184,no
33,admin.,secondary,661,167,no
47,services,secondary,311,301,no
51,blue-collar,primary,42,342,no
40,student,secondary,260,152,no
42,admin.,secondary,1133,212,no
58,self-employed,secondary,0,264,no
34,technician,secondary,260,238,no
74,retired,primary,5539,159,no
45,services,secondary,396,329,no
35,technician,secondary,5553,136,no
36,blue-collar,tertiary,1830,91,no
57,management,tertiary,408,351,no
31,management,tertiary,0,352,no
46,admin.,secondary,171,430,no
32,technician,tertiary,13711,175,no
50,management,tertiary,-470,160,no
36,management,tertiary,181,278,no
30,services,secondary,9,205,no
51,entrepreneur,tertiary,2109,181,no
30,technician,secondary,-306,186,no
35,blue-collar,secondary,270,335,no
25,student,secondary,1919,351,no
35,technician,secondary,183,130,no
39,blue-collar,secondary,522,350,no
39,technician,secondary,8,96,no
41,technician,secondary,-378,253,no
43,management,primary,62,300,no
33,services,secondary,772,259,no
59,entrepreneur,primary,124,134,no
38,management,tertiary,4293,250,no
37,admin.,secondary,1573,326,no
32,technician,tertiary,15,346,no
30,blue-collar,secondary,80,337,no
39,management,tertiary,93,331,no
40,blue-collar,primary,332,369,no
37,services,secondary,393,357,no
54,technician,secondary,0,94,no
31,management,tertiary,1675,363,no
30,blue-collar,primary,5956,139,no
35,technician,tertiary,122,328,no
31,technician,secondary,4888,166,no
34,blue-collar,secondary,261,251,no
41,admin.,secondary,90,347,no
34,technician,secondary,883,173,no
34,admin.,tertiary,21,92,no
29,student,secondary,314,105,no
31,admin.,secondary,523,109,no
50,management,secondary,2910,113,no
36,blue-collar,secondary,1088,345,no
23,technician,secondary,356,356,no
45,management,tertiary,0,342,no
35,technician,tertiary,992,114,no
38,housemaid,tertiary,4312,175,no
44,blue-collar,primary,103,329,no
54,blue-collar,secondary,506,104,no
33,technician,secondary,2,330,no
21,blue-collar,secondary,2265,99,no
38,blue-collar,secondary,0,105,no
39,management,secondary,517,196,no
29,blue-collar,secondary,100,344,no
40,admin.,secondary,419,369,no
36,management,tertiary,0,96,no
31,management,tertiary,0,167,no
26,student,tertiary,10086,78,no
30,blue-collar,secondary,1131,144,no
56,entrepreneur,primary,29,227,no
30,services,secondary,1336,355,no
32,blue-collar,secondary,5252,183,no
40,blue-collar,secondary,280,340,no
53,blue-collar,secondary,1103,250,no
37,management,tertiary,876,327,no
28,services,secondary,1636,355,no
45,blue-collar,secondary,226,212,no
55,unemployed,primary,1212,92,no
33,entrepreneur,secondary,135,345,no
59,admin.,secondary,1575,263,no
31,management,tertiary,5691,123,no
55,management,tertiary,154,367,no
31,blue-collar,secondary,1131,148,no
41,technician,tertiary,-89,251,no
35,management,tertiary,4348,217,no
29,technician,secondary,5763,92,no
73,retired,primary,508,97,no
44,entrepreneur,secondary,860,295,no
34,technician,secondary,1313,21,no
25,admin.,secondary,483,86,no
29,technician,tertiary,2269,346,no
50,management,tertiary,0,205,no
35,blue-collar,primary,2040,157,no
34,blue-collar,primary,3868,350,no
57,blue-collar,primary,5041,336,no
40,blue-collar,primary,-388,340,no
30,self-employed,tertiary,48,187,no
37,housemaid,tertiary,561,165,no
77,retired,primary,2590,94,no
34,blue-collar,secondary,467,357,no
30,technician,secondary,3100,183,no
56,management,tertiary,722,94,no
27,technician,secondary,1842,300,no
33,admin.,secondary,7,148,no
37,management,tertiary,230,272,no
49,self-employed,tertiary,503,200,no
39,technician,secondary,3494,92,no
46,entrepreneur,secondary,122,1,no
37,admin.,secondary,96,182,no
39,technician,secondary,1104,105,no
32,admin.,secondary,6981,194,no
34,technician,secondary,920,342,no
57,technician,secondary,28,358,no
40,admin.,secondary,0,201,no
60,admin.,secondary,-396,350,no
43,technician,secondary,4056,89,no
30,technician,secondary,-280,266,no
30,blue-collar,secondary,246,113,no
50,admin.,secondary,2405,287,no
33,services,secondary,387,138,no
54,blue-collar,primary,258,88,no
30,management,tertiary,3773,258,no
37,admin.,secondary,1314,14,no
29,entrepreneur,tertiary,219,356,no
41,management,primary,733,335,no
56,services,secondary,72,357,no
34,blue-collar,secondary,550,346,no
26,unemployed,secondary,285,342,no
38,blue-collar,secondary,67,239,no
27,blue-collar,secondary,-330,353,no
27,technician,tertiary,8,370,no
43,management,tertiary,1336,309,no
34,management,tertiary,63,102,no
40,management,secondary,643,256,no
49,unemployed,secondary,13818,113,no
55,technician,secondary,517,263,no
36,technician,secondary,144,308,no
36,blue-collar,secondary,153,171,no
30,management,tertiary,640,213,no
44,blue-collar,secondary,3060,189,no
49,blue-collar,secondary,1127,281,no
43,services,secondary,2478,230,no
31,technician,secondary,450,129,no
48,technician,secondary,-938,344,no
39,housemaid,secondary,1444,117,no
47,admin.,secondary,1387,826,no
53,management,tertiary,1356,96,no
53,technician,secondary,65,92,no
55,admin.,secondary,865,82,no
27,management,secondary,145,89,no
42,blue-collar,secondary,429,370,no
37,blue-collar,secondary,342,175,no
46,admin.,secondary,0,259,no
42,management,tertiary,1272,169,no
44,entrepreneur,secondary,887,14,no
34,management,tertiary,303,195,no
41,management,tertiary,4063,172,no
28,services,secondary,123,359,no
31,technician,tertiary,424,161,no
31,admin.,secondary,387,370,no
32,technician,tertiary,696,105,no
35,services,secondary,1239,347,no
45,admin.,secondary,375,594,no
41,blue-collar,secondary,598,364,no
41,entrepreneur,tertiary,121,287,no
29,admin.,secondary,-498,227,no
59,management,tertiary,258,173,no
50,management,tertiary,2564,113,no
40,services,secondary,9374,185,no
33,services,secondary,255,184,no
43,unemployed,secondary,1854,197,no
45,self-employed,tertiary,-497,176,no
32,management,tertiary,937,94,no
69,retired,primary,324,189,no
31,self-employed,secondary,581,152,no
35,services,secondary,142,196,no
50,technician,secondary,103,267,no
43,technician,secondary,-36,104,no
43,admin.,secondary,6,264,no
31,blue-collar,primary,1127,349,no
40,technician,secondary,822,245,no
37,blue-collar,secondary,740,342,no
26,blue-collar,secondary,249,262,no
48,admin.,secondary,1060,318,no
35,technician,secondary,-89,368,no
40,services,secondary,695,348,no
25,admin.,tertiary,1141,347,no
56,admin.,secondary,1854,342,no
35,technician,secondary,2019,144,no
27,management,tertiary,6791,229,no
38,management,tertiary,427,182,no
44,entrepreneur,tertiary,1631,195,no
39,technician,secondary,300,394,no
41,technician,primary,340,349,no
35,management,tertiary,867,171,no
49,admin.,secondary,1096,303,no
38,blue-collar,secondary,0,173,no
42,services,secondary,115,149,no
58,management,tertiary,2261,391,no
27,admin.,secondary,125,288,no
43,services,primary,2567,360,no
35,technician,secondary,6,348,no
53,housemaid,secondary,1182,293,no
44,blue-collar,secondary,3060,151,no
33,management,tertiary,2044,177,no
28,admin.,tertiary,174,184,no
46,services,primary,116,341,no
38,services,secondary,-349,328,no
73,retired,secondary,2850,144,no
34,technician,tertiary,66,170,no
42,management,tertiary,72,348,no
38,technician,secondary,1,199,no
38,technician,tertiary,5122,184,no
39,services,secondary,1970,404,no
42,admin.,secondary,437,190,no
32,management,tertiary,2213,154,no
32,admin.,secondary,1661,209,no
56,management,tertiary,6507,196,no
54,technician,secondary,719,264,no
36,technician,secondary,4613,134,no
40,admin.,secondary,664,121,no
20,student,primary,0,91,no
27,technician,tertiary,11862,101,no
56,management,tertiary,2037,91,no
44,blue-collar,primary,-234,347,no
29,management,tertiary,0,351,no
55,blue-collar,primary,781,270,no
40,blue-collar,primary,1530,315,no
33,management,tertiary,2667,180,no
55,self-employed,secondary,2408,140,no
53,management,tertiary,1356,93,no
65,retired,primary,493,182,no
40,blue-collar,primary,2805,353,no
28,services,secondary,6332,343,no
49,technician,secondary,972,175,no
31,technician,secondary,863,263,no
33,services,secondary,187,326,no
44,services,secondary,206,365,no
31,admin.,secondary,728,352,no
33,admin.,secondary,920,105,no
47,blue-collar,secondary,668,354,no
43,management,tertiary,36,193,no
57,retired,secondary,485,187,no
53,technician,secondary,392,245,no
41,management,secondary,280,95,no
34,admin.,tertiary,35,69,no
34,technician,secondary,440,345,no
30,blue-collar,secondary,177,332,no
43,admin.,secondary,386,92,no
48,management,tertiary,3842,122,no
44,management,tertiary,1451,80,no
29,blue-collar,secondary,3310,91,no
42,unemployed,secondary,759,169,no
38,management,tertiary,8669,150,no
32,management,tertiary,1077,717,no
33,technician,secondary,4790,272,no
41,admin.,secondary,2002,350,no
27,self-employed,tertiary,10005,271,no
60,blue-collar,primary,14,178,no
26,student,tertiary,641,368,no
58,management,secondary,-382,189,no
48,blue-collar,primary,214,162,no
53,management,tertiary,2578,107,no
54,admin.,secondary,0,182,no
56,services,secondary,1150,117,no
40,technician,secondary,7313,182,no
33,technician,secondary,930,359,no
35,admin.,secondary,725,133,no
42,blue-collar,primary,-97,271,no
55,self-employed,secondary,12159,174,no
37,technician,secondary,494,269,no
50,self-employed,tertiary,202,148,no
37,admin.,secondary,22,289,no
34,management,tertiary,747,98,no
52,management,tertiary,2428,116,no
38,management,tertiary,427,169,no
46,blue-collar,secondary,2603,277,no
33,management,tertiary,3301,171,no
25,student,secondary,469,187,no
33,unemployed,tertiary,3335,301,no
71,retired,secondary,2064,92,no
52,technician,secondary,337,261,no
27,management,secondary,843,185,no
51,admin.,secondary,176,183,no
32,blue-collar,primary,0,361,no
29,admin.,secondary,260,273,no
33,management,tertiary,307,179,no
35,technician,tertiary,144,113,no
30,blue-collar,secondary,228,365,no
36,blue-collar,secondary,0,244,no
28,student,secondary,5916,63,no
32,technician,secondary,367,276,no
40,blue-collar,secondary,750,281,no
44,technician,secondary,314,651,no
44,admin.,secondary,985,325,no
37,technician,secondary,363,182,no
43,management,tertiary,0,293,no
31,admin.,tertiary,383,214,no
78,retired,primary,680,89,no
45,blue-collar,secondary,0,165,no
30,blue-collar,secondary,447,189,no
37,blue-collar,secondary,719,365,no
36,technician,tertiary,202,192,no
50,entrepreneur,primary,199,363,no
35,management,tertiary,4943,124,no
41,admin.,secondary,1967,341,no
38,technician,secondary,103,187,no
39,blue-collar,secondary,661,267,no
29,technician,tertiary,940,330,no
73,retired,primary,1388,190,no
28,self-employed,tertiary,805,170,no
57,retired,secondary,-663,351,no
40,technician,secondary,0,172,no
53,technician,tertiary,431,328,no
37,management,tertiary,26,62,no
49,entrepreneur,tertiary,313,188,no
67,technician,secondary,0,188,no
59,management,tertiary,287,242,no
32,management,secondary,6217,181,no
38,technician,secondary,183,339,no
42,management,tertiary,783,128,no
54,management,secondary,2895,256,no
34,blue-collar,secondary,2764,357,no
50,blue-collar,primary,859,196,no
54,management,tertiary,6525,170,no
36,admin.,secondary,115,91,no
33,technician,secondary,348,294,no
36,entrepreneur,tertiary,145,304,no
50,housemaid,primary,1158,265,no
30,management,tertiary,726,342,no
45,housemaid,primary,221,235,no
58,housemaid,primary,260,364,no
41,blue-collar,secondary,140,125,no
46,blue-collar,primary,1291,259,no
32,admin.,secondary,3540,178,no
25,services,secondary,10,294,no
31,blue-collar,secondary,1664,17,no
31,admin.,secondary,690,87,no
37,admin.,secondary,68,351,no
34,admin.,secondary,1499,327,no
32,admin.,secondary,4344,118,no
34,technician,secondary,4,263,no
28,technician,secondary,3,349,no
33,self-employed,tertiary,658,173,no
60,technician,primary,4243,251,no
40,technician,tertiary,47,365,no
27,management,tertiary,390,82,no
38,services,tertiary,0,147,no
46,management,secondary,21,338,no
37,management,tertiary,1594,260,no
60,retired,tertiary,-134,271,no
35,blue-collar,secondary,80,172,no
43,technician,secondary,0,172,no