,age,job,education,balance,pdays,deposit
0,33.0,unemployed,secondary,1456.0,180.0,yes
1,28.0,management,tertiary,-210.0,172.0,yes
2,39.0,unemployed,primary,7639.0,69.0,yes
3,33.0,services,secondary,1459.0,190.0,yes
4,32.0,services,secondary,-924.0,66.0,yes
5,25.0,blue-collar,secondary,722.0,396.0,no
6,27.0,unemployed,secondary,16196.0,180.0,yes
7,36.0,admin.,secondary,1239.0,136.0,yes
8,64.0,blue-collar,primary,819.0,511.0,yes
9,66.0,management,secondary,9719.0,814.0,yes
10,35.0,student,secondary,-685.0,97.0,yes
11,38.0,blue-collar,secondary,692.0,174.0,yes
12,37.0,technician,primary,-790.0,63.0,yes
13,37.0,unemployed,tertiary,1144.0,731.0,yes
14,33.0,blue-collar,secondary,992.0,340.0,no
15,74.0,retired,secondary,823.0,198.0,yes
16,55.0,admin.,secondary,65803.0,88.0,yes
17,40.0,management,tertiary,779.0,289.0,yes
18,45.0,admin.,primary,3632.0,190.0,yes
19,28.0,technician,tertiary,25915.0,208.0,no
20,33.0,management,tertiary,7423.0,85.0,yes
21,58.0,technician,secondary,2212.0,196.0,yes
22,26.0,student,secondary,415.0,217.0,yes
23,45.0,technician,secondary,4273.0,683.0,no
24,45.0,blue-collar,primary,-816.0,212.0,yes
25,60.0,admin.,secondary,18259.0,585.0,no
26,63.0,retired,primary,1946.0,66.0,yes
27,35.0,blue-collar,secondary,18277.0,213.0,yes
28,34.0,services,secondary,4150.0,214.0,yes
29,37.0,management,tertiary,2319.0,100.0,yes
30,34.0,management,tertiary,-301.0,181.0,no
31,37.0,technician,secondary,10606.0,76.0,yes
32,32.0,management,tertiary,2312.0,100.0,yes
33,31.0,admin.,secondary,-847.0,143.0,no
34,35.0,blue-collar,secondary,1169.0,824.0,yes
35,29.0,management,tertiary,8803.0,414.0,yes
36,36.0,management,tertiary,7086.0,235.0,yes
37,53.0,retired,secondary,4507.0,127.0,yes
38,41.0,management,tertiary,1626.0,247.0,no
39,64.0,self-employed,tertiary,77593.0,83.0,yes
40,48.0,management,tertiary,-452.0,108.0,yes
41,62.0,retired,secondary,1528.0,42.0,yes
42,25.0,student,secondary,1359.0,98.0,yes
43,34.0,blue-collar,secondary,2988.0,379.0,no
44,28.0,management,tertiary,2260.0,95.0,yes
45,43.0,management,tertiary,3831.0,205.0,yes
46,45.0,services,secondary,1664.0,348.0,yes
47,32.0,blue-collar,secondary,1367.0,311.0,yes
48,51.0,retired,tertiary,-359.0,299.0,yes
49,68.0,retired,tertiary,3144.0,80.0,yes
50,33.0,technician,secondary,827.0,270.0,yes
51,48.0,management,tertiary,1604.0,79.0,no
52,72.0,retired,primary,2682.0,317.0,yes
53,43.0,blue-collar,primary,2054.0,255.0,yes
54,60.0,management,tertiary,70.0,371.0,yes
55,47.0,blue-collar,primary,2720.0,444.0,yes
56,43.0,technician,tertiary,-116.0,817.0,yes
57,47.0,management,tertiary,4042.0,209.0,no
58,40.0,technician,secondary,20946.0,387.0,no
59,38.0,management,tertiary,4460.0,367.0,no
60,48.0,technician,secondary,1698.0,104.0,yes
61,26.0,management,tertiary,1007.0,96.0,yes
62,33.0,management,tertiary,2157.0,218.0,no
63,67.0,retired,primary,3250.0,185.0,yes
64,55.0,technician,secondary,289.0,73.0,no
65,37.0,technician,secondary,2556.0,378.0,no
66,70.0,retired,secondary,77589.0,218.0,yes
67,33.0,admin.,secondary,1133.0,185.0,yes
68,40.0,retired,tertiary,15862.0,748.0,no
69,35.0,blue-collar,secondary,3032.0,282.0,no
70,75.0,services,secondary,72104.0,347.0,yes
71,24.0,technician,secondary,2121.0,97.0,yes
72,65.0,management,tertiary,1977.0,465.0,yes
73,62.0,retired,secondary,3810.0,220.0,yes
74,32.0,admin.,secondary,3064.0,309.0,no
75,45.0,management,tertiary,25023.0,69.0,yes
76,36.0,admin.,tertiary,4172.0,141.0,yes
77,55.0,retired,tertiary,36534.0,657.0,yes
78,35.0,management,tertiary,-127.0,7.0,yes
79,32.0,student,tertiary,9292.0,203.0,yes
80,32.0,admin.,secondary,3869.0,111.0,no
81,47.0,admin.,secondary,54856.0,58.0,yes
82,32.0,services,secondary,593.0,426.0,yes
83,54.0,management,tertiary,63483.0,266.0,no
84,62.0,retired,secondary,3913.0,68.0,yes
85,36.0,technician,tertiary,-586.0,268.0,yes
86,35.0,management,tertiary,3283.0,94.0,no
87,40.0,technician,secondary,3835.0,78.0,yes
88,33.0,management,tertiary,1518.0,26.0,yes
89,38.0,technician,secondary,5786.0,60.0,yes
90,34.0,self-employed,tertiary,426.0,332.0,yes
91,28.0,blue-collar,secondary,366.0,18.0,yes
92,48.0,management,tertiary,9203.0,60.0,yes
93,36.0,technician,secondary,3208.0,355.0,no
94,29.0,management,tertiary,477.0,75.0,yes
95,32.0,blue-collar,primary,3138.0,145.0,yes
96,51.0,management,secondary,3540.0,80.0,yes
97,47.0,management,tertiary,60741.0,246.0,yes
98,68.0,retired,secondary,3975.0,80.0,yes
99,43.0,management,tertiary,29807.0,283.0,no
100,24.0,blue-collar,secondary,-585.0,112.0,yes
101,42.0,management,tertiary,50526.0,236.0,no
102,51.0,management,tertiary,923.0,98.0,yes
103,25.0,technician,secondary,134.0,209.0,no
104,52.0,unemployed,secondary,2495.0,394.0,no
105,51.0,retired,secondary,1398.0,97.0,no
106,42.0,admin.,secondary,48067.0,538.0,yes
107,61.0,services,tertiary,72716.0,102.0,yes
108,35.0,self-employed,tertiary,2177.0,193.0,yes
109,33.0,technician,secondary,3996.0,112.0,yes
110,37.0,management,tertiary,-904.0,394.0,yes
111,25.0,admin.,secondary,776.0,94.0,yes
112,75.0,retired,secondary,4017.0,185.0,yes
113,32.0,admin.,secondary,19074.0,609.0,no
114,19.0,student,primary,3653.0,596.0,yes
115,34.0,student,secondary,-572.0,93.0,yes
116,45.0,management,tertiary,3396.0,279.0,no
117,34.0,technician,secondary,5958.0,209.0,yes
118,37.0,blue-collar,secondary,791.0,314.0,no
119,34.0,technician,tertiary,6482.0,220.0,yes
120,52.0,management,tertiary,1948.0,87.0,yes
121,25.0,student,secondary,3696.0,391.0,no
122,32.0,services,secondary,2695.0,172.0,yes
123,34.0,unemployed,secondary,2860.0,192.0,yes
124,42.0,unemployed,secondary,315.0,251.0,yes
125,45.0,admin.,secondary,2896.0,361.0,yes
126,50.0,admin.,secondary,1125.0,349.0,yes
127,34.0,management,tertiary,3620.0,305.0,yes
128,55.0,admin.,secondary,2401.0,197.0,no
129,29.0,self-employed,tertiary,38341.0,183.0,no
130,33.0,management,tertiary,1210.0,182.0,yes
131,42.0,self-employed,tertiary,2700.0,184.0,no
132,33.0,management,tertiary,2607.0,105.0,no
133,45.0,entrepreneur,tertiary,291.0,50.0,no
134,33.0,technician,tertiary,194.0,42.0,yes
135,32.0,services,secondary,3115.0,358.0,yes
136,50.0,admin.,secondary,-439.0,314.0,yes
137,39.0,admin.,secondary,1918.0,65.0,yes
138,60.0,retired,primary,69045.0,113.0,yes
139,29.0,housemaid,tertiary,54939.0,707.0,yes
140,41.0,management,tertiary,-803.0,201.0,yes
141,30.0,student,secondary,4353.0,139.0,yes
142,45.0,management,tertiary,3554.0,287.0,yes
143,45.0,technician,tertiary,2972.0,311.0,yes
144,72.0,services,secondary,19575.0,206.0,yes
145,32.0,management,tertiary,3486.0,225.0,yes
146,28.0,blue-collar,tertiary,1668.0,93.0,no
147,31.0,management,tertiary,9535.0,209.0,yes
148,36.0,student,tertiary,4304.0,76.0,yes
149,36.0,unemployed,secondary,41258.0,99.0,no
150,34.0,admin.,secondary,3074.0,397.0,no
151,54.0,admin.,secondary,4824.0,84.0,yes
152,22.0,services,secondary,41.0,175.0,yes
153,49.0,technician,secondary,2081.0,361.0,yes
154,45.0,admin.,secondary,3353.0,514.0,yes
155,44.0,technician,tertiary,-748.0,658.0,no
156,58.0,student,tertiary,53236.0,65.0,yes
157,54.0,services,secondary,4032.0,58.0,yes
158,52.0,management,tertiary,-714.0,217.0,yes
159,32.0,management,tertiary,3017.0,82.0,yes
160,50.0,management,tertiary,8433.0,184.0,yes
161,37.0,technician,tertiary,693.0,177.0,no
162,32.0,management,secondary,2157.0,137.0,yes
163,36.0,management,tertiary,45.0,113.0,yes
164,30.0,technician,secondary,1401.0,70.0,yes
165,46.0,technician,secondary,4001.0,316.0,no
166,32.0,unemployed,tertiary,1350.0,222.0,yes
167,47.0,technician,secondary,72948.0,337.0,yes
168,55.0,admin.,secondary,854.0,75.0,yes
169,35.0,admin.,tertiary,2805.0,398.0,yes
170,65.0,retired,primary,1822.0,187.0,yes
171,47.0,technician,secondary,17599.0,319.0,no
172,35.0,technician,secondary,1970.0,350.0,yes
173,77.0,retired,primary,2484.0,213.0,yes
174,59.0,technician,tertiary,4159.0,193.0,no
175,41.0,blue-collar,secondary,714.0,371.0,no
176,24.0,blue-collar,secondary,43901.0,251.0,no
177,41.0,management,tertiary,381.0,94.0,yes
178,36.0,blue-collar,secondary,11397.0,222.0,yes
179,55.0,management,tertiary,1986.0,92.0,yes
180,50.0,admin.,secondary,-279.0,59.0,yes
181,51.0,management,tertiary,62.0,156.0,no
182,87.0,admin.,primary,61769.0,120.0,yes
183,40.0,management,tertiary,-895.0,190.0,yes
184,31.0,technician,secondary,1179.0,179.0,yes
185,53.0,management,secondary,3961.0,163.0,yes
186,83.0,retired,secondary,27971.0,80.0,no
187,61.0,retired,tertiary,2276.0,191.0,yes
188,26.0,technician,tertiary,2759.0,254.0,no
189,38.0,services,secondary,2878.0,185.0,no
190,31.0,technician,tertiary,4335.0,274.0,yes
191,31.0,management,tertiary,1865.0,90.0,no
192,34.0,technician,secondary,147.0,202.0,no
193,53.0,blue-collar,primary,3074.0,695.0,yes
194,55.0,management,tertiary,5313.0,102.0,yes
195,41.0,services,secondary,1413.0,178.0,yes
196,53.0,management,tertiary,-639.0,210.0,no
197,48.0,technician,secondary,223.0,391.0,no
198,36.0,technician,primary,598.0,72.0,no
199,40.0,blue-collar,primary,7846.0,354.0,no
200,33.0,blue-collar,secondary,3930.0,215.0,no
201,24.0,admin.,secondary,-532.0,384.0,yes
202,31.0,technician,tertiary,4283.0,162.0,yes
203,44.0,management,tertiary,800.0,15.0,yes
204,23.0,management,tertiary,632.0,80.0,yes
205,36.0,entrepreneur,secondary,-767.0,113.0,no
206,36.0,admin.,secondary,701.0,134.0,yes
207,28.0,management,tertiary,-931.0,73.0,yes
208,25.0,blue-collar,secondary,1074.0,110.0,yes
209,62.0,retired,tertiary,2990.0,182.0,no
210,36.0,blue-collar,secondary,1977.0,373.0,no
211,29.0,management,tertiary,368.0,327.0,no
212,52.0,technician,secondary,4339.0,111.0,yes
213,44.0,management,tertiary,69629.0,276.0,no
214,37.0,technician,secondary,2437.0,223.0,yes
215,28.0,admin.,secondary,536.0,76.0,yes
216,51.0,management,tertiary,1158.0,104.0,no
217,63.0,retired,secondary,-532.0,225.0,yes
218,36.0,unemployed,secondary,3142.0,418.0,yes
219,39.0,technician,secondary,8009.0,383.0,no
220,57.0,management,tertiary,2841.0,184.0,yes
221,27.0,student,secondary,2681.0,130.0,yes
222,36.0,unemployed,tertiary,1646.0,92.0,yes
223,42.0,services,primary,34655.0,202.0,yes
224,36.0,technician,tertiary,1076.0,96.0,no
225,33.0,technician,tertiary,636.0,65.0,no
226,43.0,management,primary,-519.0,75.0,yes
227,31.0,self-employed,tertiary,18746.0,111.0,yes
228,34.0,blue-collar,primary,2157.0,359.0,yes
229,36.0,management,tertiary,4077.0,131.0,yes
230,42.0,technician,tertiary,6902.0,296.0,no
231,64.0,retired,secondary,64711.0,219.0,yes
232,61.0,entrepreneur,tertiary,65178.0,95.0,yes
233,42.0,admin.,secondary,1709.0,109.0,yes
234,39.0,blue-collar,secondary,40118.0,98.0,yes
235,43.0,admin.,secondary,2285.0,848.0,yes
236,35.0,blue-collar,secondary,14800.0,303.0,no
237,32.0,management,tertiary,7617.0,154.0,yes
238,31.0,admin.,secondary,2730.0,176.0,yes
239,32.0,technician,secondary,3716.0,237.0,no
240,52.0,management,tertiary,59174.0,101.0,yes
241,72.0,retired,secondary,-284.0,89.0,yes
242,62.0,retired,tertiary,3580.0,90.0,yes
243,40.0,admin.,secondary,1214.0,104.0,yes
244,72.0,admin.,secondary,2977.0,106.0,yes
245,32.0,blue-collar,primary,63710.0,372.0,no
246,28.0,unemployed,tertiary,5055.0,596.0,no
247,50.0,admin.,secondary,-651.0,86.0,yes
248,48.0,management,tertiary,25853.0,161.0,yes
249,36.0,technician,tertiary,1975.0,460.0,no
250,74.0,retired,secondary,3569.0,128.0,no
251,58.0,admin.,secondary,5241.0,404.0,yes
252,30.0,technician,tertiary,73142.0,265.0,no
253,35.0,management,tertiary,2138.0,390.0,yes
254,33.0,blue-collar,secondary,-399.0,817.0,yes
255,41.0,management,tertiary,2602.0,82.0,yes
256,53.0,retired,tertiary,481.0,252.0,yes
257,36.0,admin.,tertiary,40802.0,330.0,no
258,61.0,retired,secondary,10867.0,185.0,yes
259,73.0,retired,tertiary,2843.0,330.0,yes
260,45.0,blue-collar,secondary,2196.0,473.0,yes
261,49.0,management,tertiary,3107.0,87.0,yes
262,48.0,blue-collar,secondary,2583.0,160.0,no
263,47.0,admin.,tertiary,41708.0,174.0,no
264,64.0,retired,secondary,48368.0,24.0,yes
265,24.0,management,tertiary,-419.0,224.0,no
266,30.0,technician,secondary,1267.0,377.0,yes
267,28.0,blue-collar,secondary,1299.0,399.0,no
268,32.0,management,tertiary,1751.0,76.0,yes
269,28.0,self-employed,tertiary,2385.0,203.0,yes
270,50.0,admin.,secondary,913.0,165.0,no
271,79.0,management,secondary,66360.0,168.0,yes
272,55.0,services,secondary,622.0,415.0,yes
273,20.0,blue-collar,secondary,55618.0,67.0,yes
274,39.0,management,tertiary,1805.0,67.0,yes
275,76.0,retired,tertiary,4063.0,58.0,yes
276,40.0,management,tertiary,177.0,176.0,yes
277,56.0,technician,secondary,3425.0,137.0,yes
278,34.0,technician,secondary,2845.0,486.0,no
279,50.0,technician,secondary,1386.0,96.0,yes
280,38.0,management,tertiary,7808.0,240.0,yes
281,49.0,blue-collar,secondary,2681.0,276.0,no
282,57.0,retired,primary,9178.0,220.0,yes
283,57.0,management,primary,-620.0,92.0,yes
284,60.0,management,tertiary,2184.0,212.0,yes
285,37.0,self-employed,tertiary,1486.0,641.0,no
286,32.0,technician,secondary,596.0,37.0,yes
287,36.0,technician,secondary,3854.0,94.0,yes
288,31.0,admin.,secondary,6043.0,190.0,yes
289,40.0,technician,secondary,2699.0,219.0,yes
290,46.0,self-employed,secondary,68963.0,61.0,yes
291,33.0,management,secondary,3634.0,396.0,no
292,39.0,services,secondary,-168.0,316.0,no
293,30.0,management,tertiary,2376.0,180.0,yes
294,77.0,retired,secondary,202.0,79.0,yes
295,69.0,retired,tertiary,3400.0,87.0,yes
296,36.0,blue-collar,secondary,4610.0,409.0,yes
297,65.0,management,tertiary,1305.0,62.0,yes
298,33.0,management,tertiary,3879.0,105.0,yes
299,54.0,admin.,secondary,-745.0,180.0,yes
300,54.0,services,secondary,576.0,501.0,yes
301,40.0,management,tertiary,2701.0,85.0,yes
302,30.0,management,tertiary,233.0,109.0,no
303,41.0,technician,tertiary,9826.0,283.0,no
304,33.0,technician,secondary,690.0,114.0,yes
305,41.0,entrepreneur,secondary,1741.0,384.0,no
306,48.0,management,tertiary,1298.0,21.0,yes
307,67.0,retired,primary,2311.0,108.0,no
308,41.0,admin.,secondary,-394.0,644.0,no
309,21.0,student,primary,2147.0,176.0,yes
310,61.0,management,tertiary,2040.0,227.0,no
311,33.0,admin.,secondary,-252.0,182.0,yes
312,43.0,services,secondary,267.0,105.0,yes
313,40.0,management,tertiary,-689.0,167.0,no
314,32.0,admin.,secondary,1709.0,218.0,yes
315,83.0,retired,primary,77038.0,108.0,yes
316,29.0,student,secondary,1896.0,132.0,yes
317,34.0,admin.,secondary,2386.0,86.0,yes
318,36.0,self-employed,tertiary,2282.0,198.0,yes
319,38.0,blue-collar,secondary,356.0,208.0,no
320,48.0,management,tertiary,2204.0,65.0,no
321,46.0,admin.,secondary,2633.0,320.0,no
322,33.0,management,tertiary,7595.0,102.0,yes
323,49.0,technician,secondary,-865.0,59.0,yes
324,21.0,housemaid,tertiary,42898.0,314.0,no
325,30.0,admin.,tertiary,647.0,302.0,no
326,34.0,technician,tertiary,2359.0,438.0,yes
327,32.0,technician,secondary,560.0,7.0,no
328,35.0,management,tertiary,3165.0,214.0,no
329,61.0,technician,secondary,3913.0,200.0,yes
330,46.0,technician,secondary,8479.0,171.0,no
331,32.0,services,secondary,-478.0,310.0,yes
332,41.0,technician,secondary,2352.0,181.0,yes
333,27.0,blue-collar,secondary,41971.0,209.0,yes
334,35.0,technician,secondary,4011.0,169.0,no
335,33.0,management,tertiary,-591.0,219.0,no
336,28.0,housemaid,secondary,13155.0,756.0,yes
337,80.0,retired,primary,385.0,85.0,yes
338,33.0,technician,secondary,1878.0,252.0,no
339,64.0,management,secondary,1272.0,344.0,yes
340,45.0,admin.,secondary,47669.0,703.0,yes
341,36.0,housemaid,primary,21542.0,106.0,yes
342,19.0,housemaid,tertiary,43851.0,208.0,yes
343,33.0,services,secondary,3006.0,107.0,yes
344,33.0,technician,tertiary,8951.0,58.0,no
345,36.0,management,tertiary,618.0,199.0,no
346,37.0,blue-collar,secondary,4470.0,273.0,no
347,26.0,services,secondary,2546.0,747.0,no
348,49.0,blue-collar,primary,3094.0,333.0,no
349,35.0,admin.,secondary,-715.0,225.0,no
350,55.0,self-employed,secondary,24930.0,768.0,yes
351,24.0,management,tertiary,7559.0,247.0,yes
352,58.0,management,tertiary,4990.0,301.0,yes
353,33.0,admin.,tertiary,-49.0,95.0,yes
354,32.0,management,tertiary,22409.0,308.0,yes
355,79.0,retired,secondary,9974.0,259.0,yes
356,61.0,unemployed,secondary,697.0,393.0,yes
357,42.0,admin.,secondary,2204.0,462.0,yes
358,32.0,management,tertiary,468.0,85.0,yes
359,51.0,management,tertiary,1362.0,429.0,yes
360,71.0,retired,secondary,7118.0,202.0,yes
361,64.0,technician,secondary,-843.0,366.0,yes
362,54.0,management,tertiary,-655.0,245.0,yes
363,73.0,retired,secondary,2089.0,299.0,yes
364,30.0,management,tertiary,22.0,108.0,yes
365,22.0,student,secondary,1315.0,778.0,no
366,36.0,technician,secondary,-821.0,165.0,yes
367,35.0,management,tertiary,7453.0,216.0,yes
368,39.0,services,secondary,454.0,370.0,no
369,49.0,self-employed,tertiary,2604.0,332.0,yes
370,49.0,management,tertiary,3169.0,398.0,yes
371,39.0,technician,tertiary,4314.0,226.0,yes
372,34.0,services,secondary,3894.0,116.0,yes
373,37.0,management,tertiary,2426.0,328.0,no
374,69.0,retired,primary,2569.0,82.0,no
375,44.0,technician,tertiary,42749.0,359.0,no
376,65.0,retired,secondary,1799.0,94.0,yes
377,61.0,retired,primary,1739.0,190.0,yes
378,36.0,management,secondary,975.0,327.0,yes
379,19.0,student,secondary,55615.0,93.0,yes
380,34.0,technician,tertiary,-534.0,98.0,no
381,54.0,management,tertiary,8703.0,200.0,yes
382,36.0,management,tertiary,2340.0,779.0,yes
383,34.0,self-employed,tertiary,4467.0,197.0,yes
384,76.0,housemaid,primary,44151.0,578.0,no
385,34.0,admin.,secondary,415.0,224.0,yes
386,46.0,housemaid,secondary,594.0,226.0,no
387,31.0,services,secondary,796.0,197.0,yes
388,37.0,management,tertiary,-74.0,198.0,yes
389,69.0,retired,tertiary,2635.0,270.0,no
390,23.0,retired,secondary,6601.0,49.0,yes
391,28.0,management,tertiary,-591.0,108.0,yes
392,41.0,unemployed,secondary,6388.0,228.0,yes
393,45.0,technician,secondary,2089.0,90.0,yes
394,84.0,unemployed,primary,37695.0,324.0,no
395,53.0,services,secondary,2491.0,167.0,yes
396,39.0,technician,secondary,3977.0,346.0,no
397,40.0,services,secondary,2279.0,181.0,no
398,52.0,technician,tertiary,3157.0,61.0,yes
399,31.0,management,tertiary,-636.0,59.0,yes
400,41.0,management,tertiary,-662.0,224.0,yes
401,26.0,admin.,secondary,3223.0,83.0,yes
402,36.0,admin.,tertiary,3385.0,255.0,no
403,27.0,unemployed,secondary,-3.0,190.0,no
404,29.0,management,tertiary,344.0,73.0,yes
405,27.0,admin.,secondary,38766.0,92.0,yes
406,27.0,admin.,secondary,2668.0,91.0,yes
407,58.0,management,tertiary,401.0,98.0,yes
408,70.0,self-employed,tertiary,31227.0,374.0,yes
409,40.0,technician,tertiary,3233.0,760.0,yes
410,83.0,retired,primary,6227.0,349.0,no
411,43.0,management,secondary,2106.0,179.0,yes
412,49.0,services,secondary,3600.0,796.0,no
413,55.0,blue-collar,secondary,438.0,67.0,yes
414,25.0,management,tertiary,172.0,319.0,no
415,32.0,admin.,tertiary,2319.0,172.0,yes
416,63.0,self-employed,tertiary,15473.0,284.0,no
417,38.0,management,tertiary,-22.0,189.0,yes
418,36.0,management,tertiary,1660.0,189.0,no
419,54.0,blue-collar,secondary,-839.0,49.0,yes
420,24.0,technician,tertiary,83.0,104.0,yes
421,50.0,management,tertiary,3518.0,107.0,no
422,35.0,technician,tertiary,4201.0,159.0,yes
423,43.0,entrepreneur,primary,518.0,155.0,yes
424,55.0,retired,secondary,650.0,334.0,yes
425,55.0,services,secondary,37935.0,545.0,yes
426,46.0,blue-collar,primary,2542.0,68.0,yes
427,27.0,blue-collar,secondary,1315.0,97.0,no
428,26.0,student,secondary,3379.0,357.0,yes
429,59.0,admin.,secondary,39064.0,109.0,yes
430,39.0,management,tertiary,1729.0,200.0,yes
431,39.0,admin.,secondary,3381.0,177.0,yes
432,32.0,unemployed,secondary,-452.0,239.0,yes
433,34.0,technician,tertiary,406.0,199.0,yes
434,37.0,blue-collar,secondary,3623.0,59.0,yes
435,40.0,technician,tertiary,4051.0,199.0,yes
436,48.0,services,primary,4204.0,309.0,no
437,53.0,admin.,secondary,14861.0,81.0,yes
438,30.0,entrepreneur,tertiary,126.0,346.0,no
439,70.0,retired,primary,66203.0,215.0,yes
440,47.0,services,secondary,757.0,380.0,yes
441,46.0,management,tertiary,5125.0,142.0,no
442,40.0,admin.,secondary,2197.0,226.0,yes
443,36.0,management,tertiary,1011.0,222.0,yes
444,26.0,student,secondary,10520.0,101.0,no
445,37.0,management,secondary,3125.0,118.0,yes
446,41.0,blue-collar,secondary,491.0,305.0,no
447,64.0,housemaid,primary,39440.0,206.0,yes
448,20.0,student,primary,1480.0,194.0,yes
449,32.0,management,tertiary,2707.0,92.0,no
450,27.0,student,secondary,3810.0,185.0,yes
451,35.0,blue-collar,primary,4224.0,220.0,no
452,40.0,services,secondary,1187.0,51.0,yes
453,27.0,technician,tertiary,3663.0,236.0,no
454,45.0,technician,tertiary,3333.0,481.0,yes
455,46.0,housemaid,secondary,46157.0,67.0,yes
456,48.0,technician,secondary,1331.0,555.0,no
457,70.0,retired,tertiary,4676.0,227.0,yes
458,38.0,housemaid,secondary,28615.0,433.0,yes
459,64.0,admin.,secondary,64685.0,85.0,yes
460,35.0,self-employed,tertiary,66311.0,330.0,yes
461,36.0,technician,tertiary,4402.0,194.0,yes
462,75.0,retired,secondary,3573.0,114.0,yes
463,38.0,housemaid,secondary,3377.0,390.0,yes
464,39.0,management,tertiary,4082.0,135.0,yes
465,27.0,management,tertiary,7339.0,368.0,yes
466,34.0,unemployed,secondary,3777.0,218.0,yes
467,51.0,management,tertiary,2252.0,142.0,no
468,54.0,management,primary,3242.0,229.0,yes
469,45.0,management,tertiary,48735.0,317.0,no
470,33.0,blue-collar,secondary,10432.0,60.0,no
471,45.0,housemaid,primary,30468.0,802.0,yes
472,31.0,technician,tertiary,-259.0,397.0,no
473,26.0,technician,secondary,1066.0,16.0,no
474,34.0,management,tertiary,-706.0,306.0,no
475,33.0,management,tertiary,9574.0,109.0,yes
476,41.0,technician,tertiary,3684.0,107.0,no
477,55.0,services,secondary,75501.0,312.0,yes
478,27.0,management,tertiary,9758.0,108.0,yes
479,52.0,technician,tertiary,1821.0,126.0,yes
480,50.0,technician,secondary,1064.0,117.0,yes
481,39.0,management,tertiary,614.0,324.0,yes
482,26.0,blue-collar,secondary,1598.0,83.0,yes
483,87.0,technician,tertiary,72012.0,439.0,yes
484,47.0,technician,secondary,3018.0,364.0,no
485,26.0,self-employed,tertiary,423.0,130.0,no
486,38.0,technician,tertiary,4137.0,253.0,yes
487,34.0,admin.,tertiary,1952.0,113.0,yes
488,60.0,retired,tertiary,-281.0,174.0,yes
489,33.0,technician,tertiary,772.0,102.0,no
490,19.0,housemaid,tertiary,43836.0,136.0,no
491,27.0,blue-collar,secondary,2327.0,371.0,no
492,33.0,technician,secondary,13947.0,84.0,no
493,22.0,student,secondary,886.0,112.0,yes
494,60.0,management,tertiary,3451.0,327.0,yes
495,65.0,retired,tertiary,-198.0,193.0,yes
496,47.0,blue-collar,primary,2298.0,60.0,yes
497,28.0,management,tertiary,-659.0,70.0,yes
498,38.0,services,secondary,60950.0,335.0,no
499,27.0,student,secondary,2492.0,39.0,yes
500,68.0,technician,primary,41077.0,380.0,no
501,50.0,self-employed,tertiary,7039.0,166.0,yes
502,44.0,technician,secondary,3305.0,676.0,no
503,23.0,blue-collar,secondary,1300.0,518.0,yes
504,48.0,services,secondary,2253.0,439.0,yes
505,57.0,unemployed,secondary,-302.0,180.0,yes
506,41.0,technician,secondary,8392.0,174.0,yes
507,61.0,student,tertiary,50439.0,61.0,yes
508,28.0,technician,secondary,2243.0,63.0,yes
509,41.0,management,tertiary,1727.0,212.0,yes
510,37.0,management,secondary,273.0,59.0,yes
511,69.0,retired,secondary,58300.0,87.0,yes
512,57.0,retired,primary,2340.0,105.0,no
513,39.0,admin.,secondary,1600.0,472.0,no
514,58.0,entrepreneur,primary,43014.0,164.0,no
515,69.0,retired,secondary,48781.0,93.0,no
516,32.0,admin.,secondary,3371.0,373.0,yes
517,36.0,admin.,secondary,1499.0,128.0,yes
518,24.0,management,tertiary,391.0,59.0,yes
519,40.0,admin.,tertiary,3558.0,103.0,yes
520,32.0,management,tertiary,-632.0,111.0,yes
521,36.0,self-employed,tertiary,1124.0,476.0,yes
522,33.0,management,tertiary,194.0,96.0,yes
523,84.0,admin.,primary,37167.0,765.0,no
524,27.0,technician,tertiary,1202.0,6.0,yes
525,29.0,blue-collar,secondary,2889.0,226.0,yes
526,43.0,admin.,secondary,-464.0,94.0,yes
527,32.0,management,tertiary,1546.0,379.0,no
528,39.0,technician,tertiary,-501.0,191.0,yes
529,34.0,technician,tertiary,2200.0,319.0,yes
530,32.0,admin.,secondary,3490.0,75.0,yes
531,33.0,admin.,secondary,8036.0,97.0,yes
532,28.0,technician,secondary,1945.0,135.0,yes
533,41.0,technician,secondary,3253.0,254.0,yes
534,41.0,technician,secondary,2270.0,392.0,yes
535,26.0,student,secondary,-648.0,350.0,yes
536,79.0,technician,primary,30033.0,693.0,no
537,37.0,technician,tertiary,3204.0,101.0,yes
538,60.0,admin.,secondary,51746.0,114.0,no
539,40.0,blue-collar,secondary,2071.0,307.0,no
540,58.0,admin.,secondary,64661.0,263.0,no
541,59.0,admin.,secondary,844.0,178.0,no
542,79.0,unemployed,tertiary,52773.0,781.0,yes
543,33.0,unemployed,tertiary,29312.0,172.0,yes
544,37.0,retired,tertiary,18014.0,389.0,no
545,72.0,blue-collar,tertiary,50536.0,83.0,yes
546,53.0,admin.,secondary,70697.0,68.0,yes
547,49.0,technician,secondary,2812.0,73.0,yes
548,57.0,technician,secondary,2154.0,207.0,no
549,68.0,retired,tertiary,3302.0,99.0,yes
550,36.0,services,secondary,4227.0,316.0,yes
551,54.0,retired,tertiary,26398.0,188.0,yes
552,37.0,services,secondary,1531.0,397.0,yes
553,47.0,unemployed,secondary,688.0,593.0,no
554,61.0,management,tertiary,-453.0,393.0,yes
555,38.0,admin.,secondary,3093.0,236.0,yes
556,30.0,admin.,secondary,24279.0,178.0,no
557,38.0,self-employed,tertiary,3196.0,334.0,no
558,35.0,admin.,secondary,4333.0,342.0,yes
559,62.0,admin.,tertiary,414.0,267.0,no
560,34.0,technician,primary,-59.0,12.0,no
561,31.0,technician,secondary,-326.0,94.0,yes
562,27.0,admin.,tertiary,-131.0,191.0,no
563,42.0,blue-collar,secondary,3949.0,45.0,no
564,38.0,unemployed,tertiary,5591.0,388.0,yes
565,37.0,technician,secondary,784.0,321.0,no
566,61.0,retired,secondary,2091.0,371.0,yes
567,51.0,management,tertiary,-827.0,216.0,yes
568,24.0,student,tertiary,24420.0,86.0,yes
569,31.0,management,tertiary,2466.0,472.0,yes
570,87.0,unemployed,secondary,4581.0,315.0,no
571,27.0,student,secondary,-322.0,178.0,yes
572,39.0,retired,secondary,7360.0,25.0,yes
573,42.0,admin.,secondary,4092.0,211.0,yes
574,24.0,services,secondary,1634.0,224.0,yes
575,35.0,admin.,secondary,-59.0,80.0,yes
576,52.0,blue-collar,primary,-320.0,391.0,no
577,47.0,technician,secondary,-142.0,769.0,yes
578,52.0,retired,secondary,5652.0,760.0,yes
579,71.0,retired,primary,4788.0,187.0,yes
580,29.0,services,secondary,3043.0,91.0,yes
581,25.0,technician,secondary,3107.0,245.0,no
582,33.0,technician,secondary,2284.0,317.0,no
583,46.0,admin.,secondary,-435.0,444.0,yes
584,31.0,admin.,secondary,2613.0,113.0,yes
585,40.0,admin.,secondary,1192.0,221.0,yes
586,57.0,unemployed,secondary,1019.0,67.0,yes
587,28.0,management,tertiary,2692.0,109.0,yes
588,29.0,management,tertiary,1212.0,81.0,yes
589,58.0,retired,primary,-784.0,71.0,no
590,74.0,admin.,secondary,48638.0,83.0,yes
591,34.0,management,tertiary,4391.0,291.0,no
592,83.0,housemaid,primary,58792.0,276.0,yes
593,25.0,self-employed,tertiary,2902.0,213.0,yes
594,33.0,blue-collar,primary,3681.0,166.0,no
595,35.0,unemployed,tertiary,2644.0,369.0,yes
596,35.0,admin.,secondary,830.0,151.0,yes
597,25.0,admin.,tertiary,2181.0,83.0,yes
598,35.0,blue-collar,secondary,1377.0,162.0,no
599,27.0,unemployed,secondary,-154.0,595.0,no
600,39.0,blue-collar,secondary,-164.0,214.0,yes
601,36.0,services,secondary,3877.0,332.0,no
602,28.0,self-employed,tertiary,1811.0,53.0,yes
603,56.0,management,tertiary,8230.0,49.0,yes
604,33.0,housemaid,primary,16866.0,243.0,yes
605,38.0,services,secondary,478.0,348.0,no
606,29.0,admin.,secondary,-545.0,475.0,no
607,43.0,admin.,secondary,1609.0,105.0,yes
608,58.0,management,tertiary,4130.0,138.0,yes
609,61.0,management,tertiary,4002.0,318.0,no
610,29.0,admin.,secondary,2404.0,66.0,yes
611,58.0,admin.,secondary,25544.0,97.0,yes
612,30.0,management,tertiary,1697.0,71.0,no
613,41.0,technician,secondary,2993.0,108.0,yes
614,50.0,services,secondary,2364.0,213.0,no
615,33.0,blue-collar,secondary,1777.0,241.0,no
616,38.0,management,tertiary,5381.0,60.0,yes
617,30.0,self-employed,tertiary,2027.0,222.0,yes
618,72.0,admin.,secondary,33548.0,54.0,yes
619,38.0,blue-collar,secondary,74717.0,308.0,no
620,41.0,admin.,secondary,3476.0,149.0,yes
621,33.0,management,tertiary,3065.0,518.0,yes
622,48.0,management,tertiary,17575.0,144.0,no
623,56.0,technician,primary,112.0,177.0,yes
624,36.0,admin.,secondary,64860.0,277.0,yes
625,30.0,admin.,secondary,-30.0,97.0,yes
626,51.0,entrepreneur,secondary,38506.0,757.0,yes
627,28.0,management,tertiary,1384.0,576.0,yes
628,21.0,housemaid,tertiary,42875.0,294.0,no
629,39.0,unemployed,tertiary,-573.0,698.0,yes
630,32.0,management,tertiary,-660.0,195.0,yes
631,31.0,technician,secondary,1700.0,101.0,yes
632,55.0,unemployed,secondary,2680.0,385.0,yes
633,37.0,housemaid,secondary,3285.0,137.0,no
634,32.0,blue-collar,primary,3818.0,321.0,no
635,59.0,technician,secondary,-779.0,217.0,yes
636,39.0,admin.,secondary,1776.0,215.0,yes
637,72.0,admin.,secondary,51109.0,57.0,yes
638,33.0,blue-collar,tertiary,1771.0,158.0,yes
639,42.0,admin.,secondary,-410.0,732.0,yes
640,62.0,retired,secondary,12.0,226.0,no
641,36.0,admin.,tertiary,3420.0,102.0,yes
642,66.0,entrepreneur,tertiary,2299.0,171.0,no
643,81.0,retired,primary,477.0,520.0,no
644,33.0,self-employed,tertiary,1830.0,177.0,no
645,54.0,admin.,secondary,47386.0,118.0,yes
646,36.0,management,tertiary,1938.0,396.0,yes
647,59.0,services,secondary,103.0,191.0,no
648,29.0,admin.,secondary,61411.0,193.0,no
649,57.0,management,tertiary,4064.0,204.0,yes
650,41.0,management,tertiary,3801.0,126.0,no
651,48.0,admin.,secondary,2416.0,172.0,no
652,73.0,retired,secondary,2024.0,31.0,yes
653,36.0,admin.,secondary,-259.0,198.0,yes
654,56.0,services,secondary,3412.0,377.0,yes
655,34.0,management,tertiary,373.0,548.0,yes
656,23.0,technician,tertiary,14209.0,691.0,no
657,25.0,management,tertiary,1888.0,803.0,yes
658,46.0,technician,tertiary,3496.0,107.0,yes
659,38.0,management,secondary,1075.0,158.0,no
660,36.0,management,tertiary,1370.0,197.0,yes
661,83.0,retired,primary,355.0,386.0,yes
662,40.0,services,secondary,2473.0,315.0,yes
663,70.0,housemaid,tertiary,35021.0,685.0,yes
664,27.0,admin.,tertiary,1946.0,92.0,yes
665,41.0,services,secondary,38473.0,398.0,no
666,27.0,student,secondary,4141.0,99.0,yes
667,51.0,technician,secondary,330.0,248.0,no
668,74.0,retired,tertiary,60907.0,174.0,no
669,38.0,technician,primary,-451.0,285.0,no
670,34.0,blue-collar,secondary,1883.0,301.0,no
671,53.0,management,tertiary,-576.0,238.0,yes
672,42.0,management,tertiary,3278.0,375.0,yes
673,35.0,management,tertiary,-253.0,214.0,yes
674,54.0,management,tertiary,3832.0,102.0,yes
675,58.0,retired,primary,2313.0,327.0,yes
676,30.0,technician,tertiary,39908.0,166.0,yes
677,39.0,management,tertiary,3723.0,218.0,yes
678,59.0,services,secondary,3810.0,102.0,yes
679,79.0,retired,primary,151.0,388.0,no
680,29.0,services,secondary,1318.0,378.0,no
681,75.0,retired,primary,-238.0,733.0,yes
682,46.0,admin.,secondary,-382.0,61.0,yes
683,40.0,technician,secondary,3946.0,175.0,yes
684,38.0,blue-collar,secondary,3445.0,235.0,no
685,34.0,entrepreneur,secondary,768.0,229.0,yes
686,33.0,management,tertiary,3990.0,255.0,no
687,30.0,self-employed,tertiary,2135.0,81.0,yes
688,33.0,technician,tertiary,2454.0,233.0,no
689,35.0,blue-collar,primary,3945.0,380.0,no
690,37.0,admin.,secondary,3838.0,148.0,yes
691,78.0,retired,secondary,-910.0,211.0,yes
692,51.0,retired,secondary,2958.0,668.0,yes
693,31.0,services,tertiary,4676.0,90.0,yes
694,30.0,blue-collar,secondary,641.0,341.0,no
695,25.0,student,secondary,-122.0,395.0,no
696,61.0,admin.,secondary,3676.0,205.0,yes
697,29.0,admin.,tertiary,-299.0,277.0,no
698,50.0,blue-collar,secondary,4178.0,194.0,yes
699,25.0,admin.,secondary,21328.0,65.0,yes
700,39.0,admin.,secondary,32391.0,462.0,yes
701,52.0,self-employed,secondary,19755.0,754.0,no
702,40.0,unemployed,primary,6553.0,198.0,no
703,37.0,management,tertiary,1189.0,361.0,yes
704,34.0,blue-collar,secondary,1632.0,110.0,yes
705,44.0,housemaid,primary,3889.0,853.0,yes
706,35.0,blue-collar,secondary,845.0,184.0,no
707,53.0,services,secondary,3426.0,75.0,yes
708,63.0,retired,primary,2543.0,369.0,no
709,56.0,retired,primary,7115.0,109.0,yes
710,64.0,unemployed,secondary,3696.0,281.0,yes
711,45.0,entrepreneur,secondary,3774.0,122.0,no
712,63.0,retired,secondary,7855.0,85.0,yes
713,32.0,management,tertiary,-103.0,258.0,yes
714,39.0,services,secondary,4134.0,273.0,no
715,52.0,management,tertiary,305.0,135.0,yes
716,33.0,technician,secondary,4301.0,66.0,yes
717,38.0,entrepreneur,secondary,73309.0,373.0,yes
718,43.0,services,secondary,3867.0,293.0,yes
719,29.0,blue-collar,secondary,2626.0,79.0,yes
720,19.0,student,primary,2910.0,512.0,yes
721,39.0,management,tertiary,3520.0,133.0,yes
722,43.0,blue-collar,primary,1954.0,260.0,yes
723,34.0,services,secondary,1390.0,223.0,no
724,40.0,admin.,secondary,3716.0,384.0,yes
725,33.0,services,secondary,-741.0,68.0,yes
726,31.0,student,primary,4431.0,178.0,yes
727,26.0,management,tertiary,802.0,194.0,yes
728,43.0,management,tertiary,2264.0,173.0,yes
729,31.0,student,secondary,42904.0,93.0,yes
730,70.0,retired,tertiary,4697.0,82.0,yes
731,42.0,admin.,secondary,70.0,198.0,yes
732,51.0,admin.,secondary,4680.0,172.0,yes
733,37.0,technician,secondary,2669.0,128.0,yes
734,27.0,management,tertiary,42981.0,310.0,no
735,36.0,self-employed,tertiary,2840.0,15.0,yes
736,27.0,management,tertiary,2076.0,575.0,yes
737,54.0,management,tertiary,1934.0,389.0,no
738,44.0,services,secondary,-184.0,92.0,yes
739,33.0,management,tertiary,-590.0,211.0,yes
740,42.0,admin.,secondary,1650.0,731.0,no
741,51.0,management,tertiary,-553.0,393.0,no
742,85.0,admin.,secondary,1828.0,743.0,yes
743,47.0,unemployed,secondary,3514.0,210.0,yes
744,29.0,technician,secondary,2767.0,395.0,no
745,77.0,retired,primary,-442.0,67.0,yes
746,43.0,admin.,secondary,4115.0,239.0,yes
747,23.0,management,tertiary,1739.0,101.0,yes
748,36.0,technician,secondary,-313.0,133.0,yes
749,70.0,retired,secondary,70231.0,315.0,yes
750,32.0,management,tertiary,3535.0,247.0,yes
751,27.0,management,tertiary,3667.0,306.0,yes
752,46.0,blue-collar,secondary,12236.0,136.0,no
753,57.0,admin.,secondary,4042.0,252.0,no
754,40.0,management,tertiary,-639.0,269.0,yes
755,63.0,self-employed,tertiary,3209.0,301.0,yes
756,37.0,blue-collar,secondary,1617.0,175.0,no
757,57.0,retired,primary,3587.0,194.0,yes
758,34.0,management,tertiary,2715.0,398.0,yes
759,31.0,admin.,secondary,3569.0,378.0,yes
760,60.0,management,tertiary,51643.0,359.0,yes
761,29.0,technician,tertiary,115.0,73.0,yes
762,78.0,retired,primary,4411.0,88.0,yes
763,35.0,management,tertiary,102.0,771.0,yes
764,72.0,admin.,secondary,25468.0,107.0,no
765,50.0,blue-collar,primary,1537.0,423.0,yes
766,71.0,retired,primary,4001.0,263.0,no
767,40.0,services,secondary,1625.0,207.0,no
768,43.0,management,tertiary,2091.0,462.0,yes
769,23.0,blue-collar,secondary,3709.0,370.0,no
770,24.0,student,tertiary,14202.0,80.0,yes
771,38.0,admin.,secondary,3322.0,69.0,yes
772,32.0,management,tertiary,1984.0,306.0,yes
773,75.0,retired,tertiary,2860.0,202.0,yes
774,33.0,management,tertiary,1474.0,318.0,yes
775,34.0,admin.,secondary,4216.0,337.0,no
776,31.0,blue-collar,secondary,381.0,63.0,no
777,40.0,blue-collar,primary,1459.0,339.0,no
778,50.0,management,tertiary,-125.0,369.0,yes
779,38.0,blue-collar,secondary,51.0,352.0,yes
780,54.0,services,secondary,70508.0,521.0,yes
781,36.0,admin.,tertiary,1261.0,196.0,yes
782,25.0,management,secondary,-369.0,187.0,yes
783,50.0,technician,secondary,18044.0,87.0,yes
784,32.0,technician,secondary,-666.0,327.0,no
785,60.0,management,secondary,9434.0,211.0,yes
786,36.0,blue-collar,secondary,-776.0,405.0,yes
787,41.0,admin.,secondary,363.0,360.0,yes
788,50.0,services,secondary,43224.0,375.0,no
789,26.0,admin.,tertiary,2420.0,221.0,yes
790,20.0,unemployed,secondary,28915.0,127.0,yes
791,49.0,housemaid,primary,14557.0,283.0,no
792,45.0,unemployed,secondary,-657.0,746.0,yes
793,58.0,services,secondary,1127.0,386.0,no
794,40.0,management,tertiary,1550.0,14.0,yes
795,50.0,management,tertiary,1887.0,111.0,yes
796,75.0,self-employed,primary,50641.0,162.0,no
797,48.0,technician,secondary,26135.0,557.0,no
798,65.0,entrepreneur,tertiary,3376.0,18.0,no
799,69.0,retired,primary,3670.0,181.0,yes
800,44.0,management,tertiary,-547.0,209.0,yes
801,40.0,admin.,tertiary,80.0,110.0,yes
802,24.0,admin.,secondary,2741.0,106.0,yes
803,28.0,admin.,secondary,-365.0,79.0,yes
804,39.0,admin.,secondary,3003.0,254.0,no
805,41.0,management,tertiary,625.0,228.0,yes
806,34.0,technician,secondary,3140.0,222.0,no
807,29.0,technician,secondary,765.0,405.0,yes
808,29.0,management,tertiary,1712.0,111.0,yes
809,27.0,student,secondary,1627.0,19.0,yes
810,37.0,technician,tertiary,4756.0,226.0,yes
811,31.0,blue-collar,secondary,1355.0,7.0,yes
812,65.0,retired,tertiary,2728.0,83.0,yes
813,54.0,technician,secondary,5207.0,220.0,yes
814,64.0,retired,secondary,4481.0,194.0,yes
815,44.0,services,secondary,-163.0,216.0,no
816,35.0,admin.,secondary,2923.0,85.0,yes
817,33.0,management,secondary,2780.0,103.0,yes
818,56.0,management,tertiary,1349.0,24.0,yes
819,24.0,student,secondary,55689.0,331.0,yes
820,52.0,admin.,secondary,-280.0,173.0,yes
821,31.0,student,secondary,61.0,104.0,yes
822,53.0,management,tertiary,2312.0,510.0,yes
823,35.0,retired,tertiary,78033.0,276.0,yes
824,41.0,technician,tertiary,404.0,252.0,no
825,26.0,student,tertiary,3122.0,370.0,yes
826,50.0,management,tertiary,-803.0,392.0,yes
827,23.0,entrepreneur,secondary,66881.0,303.0,no
828,32.0,management,tertiary,-641.0,527.0,yes
829,45.0,blue-collar,primary,-100.0,802.0,yes
830,24.0,blue-collar,secondary,-779.0,250.0,no
831,39.0,self-employed,tertiary,1951.0,680.0,no
832,36.0,management,tertiary,2568.0,91.0,yes
833,82.0,unemployed,tertiary,61297.0,710.0,yes
834,46.0,blue-collar,secondary,3072.0,230.0,yes
835,40.0,services,secondary,3690.0,300.0,yes
836,44.0,entrepreneur,tertiary,1846.0,292.0,no
837,47.0,technician,secondary,17234.0,23.0,no
838,49.0,management,tertiary,58161.0,179.0,no
839,33.0,technician,secondary,-431.0,203.0,yes
840,58.0,technician,secondary,4308.0,190.0,yes
841,37.0,unemployed,tertiary,3344.0,211.0,yes
842,23.0,student,secondary,2256.0,389.0,no
843,60.0,retired,secondary,594.0,81.0,no
844,36.0,management,tertiary,-707.0,790.0,no
845,29.0,technician,secondary,25574.0,316.0,yes
846,28.0,management,tertiary,2684.0,97.0,yes
847,45.0,technician,tertiary,2517.0,81.0,yes
848,45.0,services,secondary,1384.0,364.0,yes
849,65.0,retired,secondary,3230.0,215.0,yes
850,59.0,entrepreneur,primary,73597.0,299.0,no
851,45.0,management,tertiary,51623.0,59.0,yes
852,44.0,blue-collar,secondary,2160.0,218.0,yes
853,29.0,student,secondary,3035.0,72.0,yes
854,32.0,self-employed,tertiary,860.0,97.0,yes
855,51.0,services,secondary,-763.0,399.0,yes
856,48.0,management,tertiary,3511.0,114.0,yes
857,35.0,technician,secondary,-641.0,444.0,yes
858,63.0,blue-collar,primary,477.0,102.0,yes
859,33.0,management,tertiary,4099.0,75.0,yes
860,45.0,management,tertiary,3993.0,799.0,yes
861,37.0,admin.,secondary,1216.0,180.0,yes
862,35.0,services,secondary,1594.0,430.0,yes
863,33.0,entrepreneur,secondary,-50.0,654.0,no
864,37.0,blue-collar,primary,-296.0,364.0,no
865,75.0,retired,tertiary,8983.0,568.0,no
866,40.0,technician,tertiary,3317.0,208.0,yes
867,28.0,admin.,secondary,3770.0,182.0,yes
868,27.0,management,tertiary,3115.0,108.0,yes
869,39.0,management,tertiary,620.0,340.0,no
870,29.0,unemployed,tertiary,27381.0,420.0,yes
871,44.0,management,tertiary,1640.0,208.0,yes
872,30.0,admin.,tertiary,3338.0,303.0,no
873,59.0,unemployed,secondary,1535.0,176.0,yes
874,36.0,management,tertiary,-414.0,96.0,yes
875,34.0,management,tertiary,4230.0,106.0,yes
876,35.0,management,tertiary,3831.0,363.0,yes
877,33.0,blue-collar,primary,2537.0,80.0,yes
878,38.0,self-employed,secondary,47576.0,40.0,yes
879,32.0,services,secondary,58.0,392.0,yes
880,64.0,retired,secondary,296.0,199.0,yes
881,71.0,retired,secondary,1614.0,101.0,yes
882,45.0,management,secondary,3016.0,180.0,no
883,59.0,self-employed,tertiary,281.0,631.0,no
884,52.0,admin.,secondary,1649.0,207.0,yes
885,47.0,management,secondary,2115.0,357.0,no
886,38.0,admin.,secondary,3857.0,185.0,yes
887,53.0,retired,secondary,-108.0,290.0,yes
888,34.0,technician,secondary,77264.0,200.0,yes
889,28.0,technician,secondary,6746.0,203.0,yes
890,50.0,services,secondary,5153.0,142.0,no
891,40.0,management,tertiary,3295.0,59.0,yes
892,22.0,student,secondary,21.0,259.0,yes
893,41.0,blue-collar,primary,2447.0,647.0,yes
894,31.0,housemaid,secondary,1593.0,716.0,yes
895,36.0,management,tertiary,5950.0,298.0,yes
896,59.0,management,tertiary,16612.0,192.0,yes
897,25.0,technician,secondary,-468.0,63.0,yes
898,50.0,technician,tertiary,4278.0,470.0,yes
899,32.0,management,tertiary,8699.0,217.0,no
900,56.0,management,tertiary,506.0,230.0,yes
901,23.0,blue-collar,secondary,4048.0,76.0,yes
902,56.0,management,tertiary,740.0,182.0,yes
903,34.0,services,secondary,807.0,332.0,no
904,36.0,technician,tertiary,2332.0,113.0,yes
905,62.0,retired,tertiary,-754.0,640.0,yes
906,36.0,services,secondary,2582.0,327.0,yes
907,24.0,student,secondary,66832.0,86.0,yes
908,63.0,self-employed,tertiary,14919.0,250.0,yes
909,24.0,technician,secondary,-779.0,346.0,yes
910,44.0,services,secondary,3560.0,57.0,yes
911,38.0,technician,secondary,804.0,95.0,yes
912,37.0,technician,tertiary,1976.0,111.0,no
913,53.0,technician,secondary,-459.0,301.0,no
914,39.0,services,secondary,-710.0,295.0,yes
915,50.0,admin.,secondary,4326.0,392.0,no
916,33.0,management,tertiary,3719.0,336.0,yes
917,88.0,admin.,secondary,51283.0,67.0,yes
918,40.0,technician,secondary,-928.0,94.0,no
919,33.0,management,tertiary,1101.0,391.0,no
920,31.0,admin.,tertiary,88.0,292.0,yes
921,32.0,management,tertiary,4358.0,180.0,yes
922,41.0,technician,primary,4088.0,95.0,no
923,35.0,technician,secondary,440.0,66.0,yes
924,34.0,technician,secondary,9462.0,189.0,yes
925,72.0,retired,secondary,2831.0,318.0,yes
926,35.0,services,secondary,182.0,156.0,no
927,54.0,admin.,secondary,1632.0,474.0,yes
928,47.0,housemaid,primary,3834.0,173.0,yes
929,50.0,admin.,secondary,-493.0,803.0,no
930,58.0,retired,primary,1434.0,185.0,yes
931,46.0,management,tertiary,3358.0,114.0,yes
932,47.0,blue-collar,primary,6956.0,73.0,yes
933,56.0,services,secondary,910.0,58.0,yes
934,34.0,technician,secondary,868.0,366.0,yes
935,23.0,blue-collar,secondary,4532.0,264.0,yes
936,30.0,technician,secondary,-95.0,227.0,yes
937,38.0,housemaid,secondary,2641.0,151.0,yes
938,55.0,technician,tertiary,3274.0,92.0,no
939,64.0,retired,tertiary,1681.0,103.0,yes
940,42.0,management,tertiary,-156.0,70.0,yes
941,54.0,management,tertiary,1167.0,65.0,yes
942,35.0,technician,secondary,-494.0,479.0,yes
943,71.0,retired,tertiary,-822.0,84.0,yes
944,22.0,student,secondary,56172.0,202.0,yes
945,37.0,unemployed,tertiary,9437.0,117.0,yes
946,39.0,blue-collar,primary,-325.0,109.0,no
947,30.0,blue-collar,secondary,3374.0,371.0,no
948,61.0,retired,secondary,4422.0,808.0,yes
949,20.0,blue-collar,secondary,1810.0,98.0,yes
950,50.0,blue-collar,secondary,3534.0,396.0,yes
951,29.0,technician,secondary,2343.0,380.0,yes
952,54.0,technician,secondary,-329.0,272.0,yes
953,24.0,technician,secondary,40030.0,351.0,no
954,32.0,blue-collar,secondary,3836.0,74.0,yes
955,36.0,management,tertiary,1752.0,219.0,no
956,33.0,management,tertiary,894.0,289.0,yes
957,40.0,admin.,secondary,33.0,226.0,yes
958,29.0,admin.,secondary,2561.0,139.0,yes
959,55.0,blue-collar,primary,4068.0,380.0,no
960,38.0,management,tertiary,4026.0,113.0,yes
961,63.0,blue-collar,primary,1728.0,395.0,no
962,30.0,admin.,secondary,-584.0,284.0,no
963,44.0,management,tertiary,77748.0,220.0,yes
964,23.0,student,secondary,13979.0,95.0,yes
965,28.0,admin.,secondary,7974.0,525.0,no
966,62.0,retired,secondary,-580.0,47.0,yes
967,58.0,management,tertiary,7082.0,177.0,yes
968,54.0,unemployed,secondary,3726.0,213.0,yes
969,34.0,services,secondary,160.0,106.0,yes
970,34.0,technician,primary,4008.0,273.0,yes
971,22.0,student,primary,3422.0,119.0,yes
972,68.0,retired,secondary,3109.0,74.0,yes
973,36.0,admin.,secondary,69741.0,327.0,no
974,54.0,management,tertiary,7000.0,199.0,yes
975,30.0,admin.,secondary,18.0,396.0,no
976,38.0,technician,tertiary,3537.0,383.0,no
977,70.0,retired,primary,6715.0,838.0,yes
978,40.0,blue-collar,secondary,-557.0,661.0,no
979,45.0,blue-collar,secondary,3475.0,350.0,yes
980,32.0,management,tertiary,-363.0,243.0,yes
981,78.0,retired,primary,4234.0,564.0,no
982,48.0,housemaid,tertiary,4437.0,91.0,yes
983,58.0,technician,secondary,540.0,162.0,no
984,41.0,entrepreneur,secondary,28105.0,227.0,no
985,46.0,technician,primary,4248.0,113.0,yes
986,38.0,management,tertiary,1989.0,103.0,yes
987,58.0,admin.,secondary,3113.0,317.0,yes
988,49.0,management,secondary,16543.0,79.0,yes
989,49.0,management,tertiary,2450.0,183.0,yes
990,19.0,unemployed,tertiary,71712.0,245.0,yes
991,39.0,management,tertiary,2549.0,110.0,no
992,75.0,retired,primary,722.0,80.0,yes
993,34.0,management,tertiary,583.0,59.0,yes
994,52.0,technician,secondary,1257.0,176.0,yes
995,33.0,management,tertiary,1438.0,67.0,no
996,35.0,management,tertiary,1522.0,106.0,yes
997,39.0,technician,tertiary,1569.0,230.0,no
998,56.0,blue-collar,primary,9074.0,206.0,yes
999,34.0,management,tertiary,-761.0,59.0,no
1000,44.0,services,secondary,2801.0,324.0,yes
1001,75.0,retired,secondary,911.0,87.0,no
1002,43.0,self-employed,tertiary,63.0,174.0,yes
1003,25.0,unemployed,tertiary,-339.0,307.0,no
1004,31.0,blue-collar,secondary,264.0,392.0,no
1005,37.0,housemaid,secondary,3488.0,212.0,yes
1006,35.0,technician,secondary,3754.0,186.0,no
1007,56.0,management,secondary,57581.0,345.0,no
1008,50.0,admin.,secondary,4084.0,137.0,yes
1009,47.0,technician,secondary,2826.0,107.0,yes
1010,45.0,technician,tertiary,1890.0,93.0,yes
1011,27.0,management,tertiary,14635.0,102.0,no
1012,44.0,management,secondary,52658.0,193.0,yes
1013,43.0,unemployed,secondary,-859.0,235.0,yes
1014,40.0,management,tertiary,3893.0,209.0,yes
1015,26.0,admin.,tertiary,1219.0,286.0,no
1016,33.0,self-employed,tertiary,2311.0,200.0,yes
1017,51.0,blue-collar,primary,8243.0,309.0,no
1018,49.0,blue-collar,secondary,2779.0,84.0,yes
1019,57.0,self-employed,tertiary,1860.0,681.0,yes
1020,34.0,admin.,secondary,458.0,290.0,no
1021,34.0,unemployed,secondary,-632.0,445.0,yes
1022,34.0,blue-collar,secondary,1880.0,301.0,no
1023,49.0,management,tertiary,1480.0,258.0,yes
1024,34.0,technician,tertiary,2150.0,375.0,no
1025,75.0,retired,tertiary,1323.0,183.0,yes
1026,34.0,admin.,secondary,2459.0,218.0,yes
1027,37.0,technician,secondary,3450.0,218.0,yes
1028,40.0,management,tertiary,626.0,335.0,yes
1029,54.0,admin.,secondary,344.0,79.0,yes
1030,27.0,blue-collar,secondary,806.0,103.0,yes
1031,81.0,retired,secondary,1600.0,170.0,yes
1032,24.0,student,secondary,7983.0,68.0,no
1033,54.0,management,tertiary,3838.0,223.0,yes
1034,32.0,management,tertiary,-704.0,734.0,no
1035,31.0,student,secondary,3114.0,65.0,yes
1036,37.0,technician,tertiary,2637.0,377.0,yes
1037,30.0,management,tertiary,3903.0,381.0,no
1038,34.0,admin.,tertiary,4488.0,105.0,yes
1039,40.0,admin.,secondary,-171.0,85.0,no
1040,60.0,technician,secondary,31902.0,195.0,no
1041,35.0,technician,secondary,1556.0,14.0,yes
1042,41.0,services,tertiary,60777.0,97.0,yes
1043,65.0,retired,primary,1163.0,273.0,yes
1044,54.0,technician,tertiary,452.0,89.0,no
1045,24.0,student,tertiary,57903.0,181.0,yes
1046,35.0,services,secondary,274.0,125.0,yes
1047,51.0,management,tertiary,-384.0,68.0,yes
1048,37.0,services,secondary,-730.0,373.0,yes
1049,57.0,management,tertiary,3786.0,72.0,no
1050,25.0,technician,secondary,4040.0,61.0,no
1051,27.0,technician,secondary,2105.0,390.0,no
1052,36.0,management,tertiary,-797.0,227.0,yes
1053,46.0,admin.,secondary,6390.0,450.0,yes
1054,37.0,management,tertiary,-393.0,74.0,yes
1055,29.0,management,tertiary,3354.0,384.0,yes
1056,54.0,blue-collar,primary,-193.0,202.0,no
1057,87.0,retired,secondary,664.0,722.0,yes
1058,39.0,admin.,secondary,3299.0,21.0,no
1059,36.0,housemaid,secondary,17754.0,169.0,no
1060,31.0,blue-collar,tertiary,188.0,39.0,no
1061,36.0,management,tertiary,3671.0,227.0,yes
1062,35.0,admin.,secondary,4237.0,231.0,yes
1063,24.0,blue-collar,tertiary,1292.0,222.0,no
1064,35.0,technician,tertiary,2383.0,395.0,no
1065,45.0,blue-collar,primary,-421.0,286.0,no
1066,36.0,management,tertiary,1038.0,178.0,yes
1067,37.0,blue-collar,secondary,-539.0,327.0,yes
1068,46.0,admin.,tertiary,68401.0,156.0,no
1069,52.0,services,secondary,4027.0,336.0,no
1070,29.0,management,tertiary,2707.0,212.0,no
1071,29.0,management,tertiary,2730.0,77.0,yes
1072,32.0,admin.,tertiary,-837.0,81.0,yes
1073,40.0,blue-collar,secondary,8231.0,86.0,yes
1074,81.0,retired,primary,1114.0,282.0,yes
1075,29.0,self-employed,tertiary,1145.0,87.0,no
1076,60.0,retired,secondary,2949.0,228.0,yes
1077,39.0,technician,secondary,260.0,394.0,no
1078,28.0,management,tertiary,3852.0,139.0,no
1079,36.0,technician,tertiary,24.0,177.0,yes
1080,24.0,services,secondary,2773.0,345.0,yes
1081,46.0,services,secondary,2448.0,219.0,yes
1082,33.0,technician,secondary,1633.0,174.0,yes
1083,38.0,technician,secondary,1301.0,61.0,yes
1084,31.0,services,secondary,-513.0,364.0,no
1085,25.0,admin.,secondary,1743.0,211.0,yes
1086,67.0,blue-collar,tertiary,23093.0,8.0,yes
1087,69.0,retired,tertiary,47.0,74.0,yes
1088,70.0,retired,tertiary,-834.0,226.0,yes
1089,31.0,unemployed,tertiary,1243.0,97.0,no
1090,76.0,retired,secondary,2276.0,187.0,yes
1091,29.0,technician,secondary,925.0,91.0,yes
1092,76.0,retired,tertiary,3796.0,224.0,yes
1093,43.0,admin.,secondary,2110.0,548.0,yes
1094,44.0,management,tertiary,3039.0,391.0,yes
1095,39.0,management,tertiary,2592.0,261.0,yes
1096,48.0,blue-collar,secondary,1307.0,351.0,yes
1097,54.0,management,secondary,3122.0,110.0,yes
1098,64.0,retired,secondary,727.0,59.0,yes
1099,59.0,technician,secondary,262.0,580.0,yes
1100,52.0,self-employed,secondary,17278.0,250.0,yes
1101,54.0,technician,tertiary,2730.0,105.0,yes
1102,31.0,technician,secondary,-277.0,67.0,yes
1103,32.0,admin.,secondary,-234.0,185.0,yes
1104,48.0,technician,secondary,8635.0,217.0,yes
1105,34.0,management,tertiary,1653.0,2.0,yes
1106,68.0,retired,secondary,496.0,464.0,no
1107,48.0,housemaid,primary,3823.0,99.0,no
1108,48.0,housemaid,primary,75133.0,112.0,no
1109,35.0,management,tertiary,-219.0,319.0,no
1110,38.0,technician,secondary,1532.0,74.0,yes
1111,59.0,management,tertiary,3335.0,369.0,yes
1112,29.0,unemployed,secondary,14428.0,199.0,yes
1113,47.0,technician,tertiary,70825.0,81.0,no
1114,35.0,student,tertiary,893.0,102.0,yes
1115,30.0,management,tertiary,1788.0,62.0,yes
1116,51.0,management,tertiary,4732.0,96.0,yes
1117,22.0,student,secondary,3963.0,718.0,yes
1118,29.0,management,secondary,515.0,68.0,yes
1119,34.0,admin.,secondary,971.0,150.0,no
1120,35.0,technician,secondary,584.0,344.0,yes
1121,44.0,management,primary,861.0,188.0,yes
1122,35.0,self-employed,tertiary,2784.0,344.0,yes
1123,39.0,student,primary,80077.0,637.0,yes
1124,87.0,services,tertiary,40265.0,467.0,yes
1125,41.0,unemployed,tertiary,77004.0,144.0,yes
1126,59.0,management,secondary,4405.0,188.0,no
1127,54.0,technician,tertiary,342.0,175.0,yes
1128,64.0,admin.,secondary,2240.0,591.0,no
1129,43.0,management,tertiary,3830.0,139.0,no
1130,32.0,management,tertiary,2043.0,585.0,yes
1131,70.0,retired,primary,1382.0,85.0,yes
1132,32.0,blue-collar,primary,3257.0,488.0,yes
1133,34.0,technician,secondary,9024.0,218.0,yes
1134,33.0,technician,tertiary,-524.0,208.0,yes
1135,43.0,technician,tertiary,248.0,80.0,yes
1136,49.0,management,tertiary,6586.0,127.0,no
1137,70.0,unemployed,tertiary,70068.0,704.0,yes
1138,34.0,management,tertiary,332.0,87.0,yes
1139,38.0,blue-collar,primary,1109.0,165.0,no
1140,46.0,services,secondary,3438.0,365.0,no
1141,51.0,admin.,secondary,2597.0,95.0,yes
1142,44.0,blue-collar,primary,-668.0,192.0,yes
1143,30.0,admin.,secondary,-501.0,178.0,no
1144,28.0,management,tertiary,3663.0,436.0,yes
1145,29.0,technician,secondary,-27.0,251.0,yes
1146,48.0,admin.,secondary,-412.0,190.0,yes
1147,29.0,unemployed,primary,45.0,228.0,yes
1148,21.0,student,secondary,-533.0,105.0,no
1149,39.0,technician,tertiary,3149.0,67.0,yes
1150,30.0,management,tertiary,-405.0,395.0,yes
1151,53.0,technician,secondary,4065.0,206.0,yes
1152,35.0,retired,tertiary,57327.0,506.0,no
1153,34.0,technician,secondary,3609.0,221.0,yes
1154,28.0,management,tertiary,705.0,207.0,yes
1155,44.0,unemployed,secondary,3937.0,172.0,yes
1156,57.0,unemployed,secondary,-746.0,229.0,yes
1157,50.0,management,tertiary,2081.0,68.0,yes
1158,42.0,blue-collar,secondary,-721.0,156.0,yes
1159,39.0,unemployed,primary,9914.0,800.0,no
1160,24.0,blue-collar,secondary,3185.0,277.0,no
1161,63.0,technician,secondary,2220.0,120.0,no
1162,36.0,technician,tertiary,3494.0,146.0,yes
1163,30.0,admin.,secondary,24402.0,321.0,yes
1164,39.0,services,secondary,2421.0,297.0,yes
1165,36.0,admin.,tertiary,809.0,553.0,yes
1166,47.0,management,tertiary,-22.0,111.0,no
1167,37.0,technician,secondary,2310.0,333.0,yes
1168,48.0,admin.,secondary,6189.0,104.0,yes
1169,68.0,blue-collar,tertiary,49055.0,564.0,yes
1170,19.0,student,secondary,274.0,704.0,yes
1171,32.0,services,secondary,81.0,213.0,no
1172,23.0,student,tertiary,3134.0,107.0,yes
1173,39.0,management,tertiary,9265.0,288.0,no
1174,61.0,entrepreneur,secondary,61366.0,101.0,yes
1175,50.0,management,tertiary,-407.0,378.0,yes
1176,28.0,services,secondary,1333.0,392.0,no
1177,40.0,unemployed,tertiary,75803.0,234.0,yes
1178,60.0,management,tertiary,2755.0,383.0,yes
1179,26.0,blue-collar,secondary,582.0,33.0,yes
1180,36.0,management,tertiary,4233.0,159.0,yes
1181,36.0,admin.,secondary,770.0,92.0,yes
1182,36.0,blue-collar,secondary,4344.0,347.0,no
1183,42.0,technician,secondary,982.0,370.0,no
1184,25.0,admin.,secondary,243.0,64.0,yes
1185,47.0,blue-collar,primary,1098.0,68.0,no
1186,53.0,technician,secondary,2441.0,111.0,yes
1187,26.0,blue-collar,secondary,1093.0,519.0,yes
1188,49.0,technician,secondary,-733.0,379.0,no
1189,47.0,housemaid,primary,-184.0,194.0,yes
1190,37.0,blue-collar,secondary,464.0,660.0,no
1191,51.0,management,tertiary,764.0,102.0,yes
1192,26.0,admin.,secondary,4100.0,341.0,yes
1193,36.0,management,tertiary,13635.0,105.0,yes
1194,60.0,management,tertiary,2672.0,326.0,yes
1195,28.0,unemployed,tertiary,45343.0,845.0,no
1196,33.0,services,secondary,-270.0,163.0,no
1197,32.0,management,tertiary,1950.0,81.0,yes
1198,51.0,management,tertiary,1991.0,62.0,yes
1199,44.0,management,secondary,3698.0,107.0,yes
1200,45.0,blue-collar,secondary,-335.0,353.0,no
1201,51.0,blue-collar,primary,3269.0,124.0,yes
1202,35.0,blue-collar,secondary,2504.0,138.0,no
1203,24.0,student,tertiary,11930.0,80.0,yes
1204,30.0,unemployed,secondary,2083.0,202.0,yes
1205,34.0,management,tertiary,3108.0,88.0,yes
1206,79.0,housemaid,tertiary,3481.0,79.0,no
1207,74.0,retired,primary,4160.0,827.0,yes
1208,25.0,blue-collar,secondary,3864.0,67.0,yes
1209,55.0,retired,tertiary,73202.0,225.0,yes
1210,44.0,management,tertiary,499.0,276.0,yes
1211,27.0,student,secondary,514.0,126.0,yes
1212,49.0,unemployed,secondary,23409.0,612.0,yes
1213,32.0,unemployed,tertiary,3113.0,224.0,no
1214,32.0,admin.,secondary,539.0,215.0,yes
1215,27.0,blue-collar,secondary,-668.0,66.0,no
1216,58.0,blue-collar,secondary,40804.0,388.0,no
1217,50.0,unemployed,secondary,3241.0,111.0,yes
1218,27.0,services,secondary,96.0,258.0,no
1219,48.0,blue-collar,secondary,3250.0,349.0,no
1220,49.0,admin.,secondary,606.0,108.0,yes
1221,35.0,management,tertiary,-13.0,80.0,yes
1222,51.0,blue-collar,secondary,1975.0,375.0,no
1223,39.0,technician,secondary,3119.0,827.0,yes
1224,32.0,technician,secondary,156.0,336.0,yes
1225,53.0,blue-collar,secondary,731.0,134.0,no
1226,50.0,technician,secondary,3643.0,362.0,no
1227,32.0,management,tertiary,2225.0,340.0,no
1228,29.0,management,secondary,1043.0,100.0,no
1229,72.0,admin.,secondary,3874.0,485.0,no
1230,77.0,retired,primary,1992.0,204.0,yes
1231,45.0,admin.,secondary,-432.0,68.0,yes
1232,39.0,management,tertiary,4210.0,65.0,no
1233,30.0,blue-collar,secondary,3125.0,319.0,no
1234,30.0,technician,tertiary,487.0,218.0,yes
1235,35.0,blue-collar,secondary,550.0,369.0,yes
1236,49.0,management,tertiary,1197.0,82.0,yes
1237,57.0,management,tertiary,15158.0,80.0,yes
1238,29.0,management,tertiary,14290.0,573.0,yes
1239,55.0,admin.,secondary,71259.0,81.0,yes
1240,38.0,blue-collar,secondary,9214.0,390.0,no
1241,45.0,management,tertiary,3712.0,269.0,yes
1242,38.0,admin.,secondary,354.0,207.0,no
1243,46.0,technician,tertiary,6309.0,62.0,yes
1244,52.0,technician,secondary,68.0,259.0,no
1245,34.0,admin.,tertiary,2822.0,310.0,yes
1246,52.0,admin.,secondary,-83.0,110.0,no
1247,45.0,management,tertiary,3884.0,84.0,yes
1248,40.0,admin.,secondary,798.0,152.0,no
1249,29.0,unemployed,secondary,34531.0,797.0,yes
1250,56.0,admin.,secondary,877.0,702.0,yes
1251,35.0,management,tertiary,3214.0,350.0,yes
1252,34.0,management,tertiary,4356.0,185.0,yes
1253,84.0,retired,tertiary,1023.0,521.0,no
1254,47.0,management,tertiary,8993.0,30.0,yes
1255,54.0,management,tertiary,4318.0,83.0,yes
1256,30.0,management,secondary,4270.0,268.0,yes
1257,36.0,admin.,secondary,-21.0,75.0,yes
1258,28.0,admin.,secondary,9668.0,291.0,no
1259,30.0,technician,tertiary,2567.0,111.0,yes
1260,33.0,management,tertiary,-457.0,327.0,no
1261,30.0,services,secondary,399.0,228.0,yes
1262,33.0,technician,tertiary,1195.0,165.0,no
1263,42.0,admin.,primary,-933.0,195.0,yes
1264,30.0,admin.,secondary,2771.0,205.0,yes
1265,70.0,self-employed,secondary,27548.0,356.0,yes
1266,40.0,housemaid,secondary,33779.0,78.0,no
1267,56.0,management,tertiary,-117.0,196.0,yes
1268,57.0,management,tertiary,2670.0,153.0,yes
1269,59.0,management,primary,1539.0,74.0,yes
1270,52.0,services,secondary,2730.0,476.0,yes
1271,38.0,services,secondary,728.0,442.0,yes
1272,64.0,blue-collar,secondary,1484.0,210.0,yes
1273,39.0,management,secondary,3288.0,171.0,no
1274,40.0,technician,tertiary,1376.0,90.0,no
1275,36.0,technician,secondary,2032.0,348.0,yes
1276,60.0,management,tertiary,2118.0,220.0,no
1277,46.0,technician,tertiary,-156.0,114.0,no
1278,57.0,management,tertiary,1572.0,243.0,yes
1279,48.0,admin.,tertiary,1739.0,451.0,yes
1280,38.0,services,secondary,62570.0,334.0,no
1281,36.0,management,tertiary,1504.0,226.0,yes
1282,43.0,admin.,secondary,1012.0,440.0,yes
1283,46.0,management,tertiary,3045.0,173.0,no
1284,28.0,blue-collar,secondary,4300.0,291.0,no
1285,48.0,management,tertiary,714.0,213.0,yes
1286,35.0,management,tertiary,-616.0,93.0,yes
1287,36.0,services,secondary,2026.0,61.0,yes
1288,25.0,admin.,secondary,1199.0,211.0,yes
1289,46.0,management,tertiary,9500.0,207.0,no
1290,52.0,management,tertiary,8632.0,180.0,no
1291,52.0,management,tertiary,3697.0,155.0,yes
1292,42.0,self-employed,secondary,-23.0,348.0,yes
1293,33.0,management,tertiary,3580.0,99.0,yes
1294,34.0,management,tertiary,-886.0,192.0,no
1295,35.0,services,secondary,1725.0,255.0,no
1296,38.0,management,tertiary,-784.0,200.0,no
1297,44.0,services,secondary,339.0,175.0,yes
1298,34.0,services,secondary,-774.0,191.0,yes
1299,37.0,management,tertiary,2924.0,141.0,yes
1300,76.0,retired,primary,4161.0,189.0,yes
1301,36.0,management,tertiary,686.0,96.0,yes
1302,52.0,management,tertiary,1994.0,68.0,yes
1303,27.0,self-employed,tertiary,37600.0,162.0,yes
1304,32.0,blue-collar,secondary,1061.0,388.0,no
1305,42.0,blue-collar,primary,3228.0,239.0,yes
1306,40.0,management,tertiary,463.0,263.0,no
1307,39.0,technician,tertiary,-596.0,107.0,yes
1308,44.0,blue-collar,primary,-362.0,188.0,yes
1309,49.0,management,secondary,9658.0,75.0,yes
1310,38.0,technician,secondary,6236.0,842.0,yes
1311,35.0,admin.,secondary,465.0,292.0,no
1312,62.0,retired,secondary,429.0,184.0,yes
1313,35.0,services,secondary,992.0,174.0,no
1314,54.0,blue-collar,primary,2650.0,173.0,yes
1315,38.0,unemployed,tertiary,4670.0,357.0,yes
1316,36.0,blue-collar,secondary,-222.0,349.0,yes
1317,55.0,management,tertiary,35634.0,257.0,no
1318,27.0,management,tertiary,1223.0,211.0,yes
1319,28.0,management,tertiary,3173.0,174.0,no
1320,34.0,technician,tertiary,7815.0,152.0,no
1321,65.0,retired,tertiary,12502.0,238.0,no
1322,42.0,management,tertiary,2703.0,451.0,yes
1323,34.0,management,tertiary,3261.0,192.0,no
1324,45.0,technician,secondary,4948.0,172.0,no
1325,33.0,management,tertiary,3468.0,79.0,yes
1326,40.0,admin.,secondary,3642.0,190.0,yes
1327,55.0,blue-collar,primary,2837.0,170.0,no
1328,37.0,services,secondary,967.0,86.0,yes
1329,40.0,blue-collar,secondary,2837.0,212.0,yes
1330,33.0,management,secondary,1446.0,161.0,yes
1331,40.0,technician,tertiary,105.0,89.0,yes
1332,25.0,admin.,tertiary,943.0,180.0,no
1333,33.0,blue-collar,secondary,56.0,339.0,yes
1334,31.0,unemployed,primary,-770.0,86.0,no
1335,48.0,technician,tertiary,-597.0,136.0,yes
1336,50.0,technician,tertiary,1119.0,74.0,yes
1337,50.0,management,tertiary,1478.0,83.0,yes
1338,53.0,management,tertiary,1712.0,137.0,yes
1339,37.0,management,tertiary,-166.0,87.0,yes
1340,22.0,technician,primary,67874.0,84.0,no
1341,42.0,admin.,tertiary,4083.0,63.0,yes
1342,28.0,management,tertiary,499.0,111.0,yes
1343,45.0,blue-collar,primary,2032.0,376.0,no
1344,75.0,entrepreneur,secondary,75398.0,125.0,no
1345,29.0,admin.,secondary,254.0,393.0,yes
1346,34.0,management,tertiary,1550.0,145.0,no
1347,31.0,admin.,secondary,-882.0,224.0,no
1348,28.0,management,tertiary,1638.0,111.0,yes
1349,38.0,services,secondary,4011.0,111.0,yes
1350,70.0,housemaid,primary,20329.0,720.0,yes
1351,33.0,management,tertiary,966.0,364.0,yes
1352,26.0,admin.,secondary,47368.0,301.0,no
1353,54.0,technician,secondary,81164.0,665.0,no
1354,35.0,admin.,secondary,3124.0,327.0,yes
1355,27.0,student,secondary,5803.0,181.0,yes
1356,37.0,self-employed,primary,24046.0,562.0,yes
1357,33.0,blue-collar,secondary,1113.0,140.0,yes
1358,40.0,admin.,secondary,-567.0,248.0,yes
1359,29.0,blue-collar,primary,4068.0,319.0,no
1360,23.0,blue-collar,secondary,9441.0,595.0,no
1361,28.0,management,tertiary,1758.0,62.0,yes
1362,32.0,management,tertiary,4498.0,99.0,yes
1363,26.0,blue-collar,secondary,-403.0,678.0,yes
1364,30.0,self-employed,tertiary,18341.0,140.0,no
1365,50.0,admin.,secondary,-79.0,170.0,no
1366,48.0,blue-collar,secondary,3868.0,209.0,yes
1367,24.0,student,secondary,5475.0,392.0,yes
1368,43.0,technician,secondary,1942.0,115.0,yes
1369,26.0,student,secondary,8448.0,193.0,yes
1370,45.0,services,primary,2874.0,218.0,no
1371,68.0,blue-collar,tertiary,26294.0,559.0,yes
1372,31.0,technician,secondary,3515.0,196.0,yes
1373,49.0,admin.,secondary,39559.0,397.0,yes
1374,31.0,management,tertiary,4200.0,73.0,yes
1375,75.0,retired,secondary,3219.0,596.0,yes
1376,55.0,technician,tertiary,-235.0,220.0,yes
1377,25.0,technician,secondary,11381.0,212.0,yes
1378,29.0,blue-collar,secondary,817.0,92.0,no
1379,28.0,admin.,tertiary,3822.0,225.0,yes
1380,35.0,blue-collar,secondary,5377.0,328.0,no
1381,28.0,management,tertiary,3288.0,233.0,yes
1382,34.0,technician,tertiary,-29.0,132.0,yes
1383,30.0,student,tertiary,4324.0,62.0,yes
1384,56.0,management,tertiary,4508.0,97.0,yes
1385,56.0,technician,secondary,3926.0,177.0,no
1386,51.0,management,primary,1350.0,76.0,yes
1387,34.0,management,tertiary,2120.0,72.0,yes
1388,36.0,technician,secondary,2039.0,245.0,no
1389,56.0,admin.,secondary,360.0,112.0,yes
1390,38.0,blue-collar,primary,1045.0,65.0,yes
1391,37.0,technician,tertiary,-123.0,842.0,yes
1392,53.0,retired,primary,1781.0,165.0,no
1393,40.0,management,primary,1569.0,142.0,no
1394,66.0,retired,secondary,-156.0,217.0,no
1395,31.0,blue-collar,secondary,-307.0,1.0,yes
1396,51.0,management,tertiary,3775.0,100.0,yes
1397,37.0,admin.,secondary,3980.0,62.0,no
1398,28.0,housemaid,tertiary,58269.0,74.0,yes
1399,36.0,technician,secondary,2039.0,288.0,yes
1400,51.0,management,tertiary,60934.0,156.0,yes
1401,40.0,unemployed,secondary,71861.0,656.0,no
1402,52.0,retired,primary,70610.0,205.0,no
1403,52.0,services,secondary,2402.0,278.0,yes
1404,23.0,blue-collar,secondary,2283.0,67.0,yes
1405,31.0,technician,secondary,1003.0,179.0,yes
1406,34.0,blue-collar,secondary,3337.0,94.0,no
1407,55.0,services,secondary,41584.0,93.0,yes
1408,40.0,services,secondary,2839.0,776.0,no
1409,39.0,admin.,secondary,-417.0,63.0,yes
1410,71.0,retired,secondary,905.0,791.0,no
1411,63.0,retired,tertiary,3702.0,97.0,yes
1412,49.0,technician,secondary,2195.0,63.0,yes
1413,79.0,retired,tertiary,2066.0,223.0,yes
1414,38.0,technician,tertiary,2435.0,787.0,yes
1415,33.0,student,tertiary,2748.0,76.0,yes
1416,60.0,admin.,secondary,3804.0,119.0,yes
1417,35.0,self-employed,secondary,9579.0,195.0,no
1418,49.0,management,tertiary,-65.0,129.0,no
1419,67.0,management,tertiary,1237.0,818.0,no
1420,41.0,technician,tertiary,2826.0,64.0,yes
1421,33.0,management,tertiary,229.0,352.0,yes
1422,31.0,management,tertiary,246.0,393.0,no
1423,24.0,technician,tertiary,4438.0,66.0,yes
1424,30.0,management,tertiary,898.0,110.0,no
1425,48.0,technician,secondary,150.0,104.0,yes
1426,23.0,admin.,tertiary,-820.0,331.0,yes
1427,56.0,blue-collar,primary,1243.0,334.0,no
1428,18.0,student,tertiary,4574.0,710.0,yes
1429,49.0,management,tertiary,1954.0,175.0,no
1430,33.0,management,tertiary,51523.0,172.0,yes
1431,25.0,student,secondary,2511.0,65.0,yes
1432,39.0,blue-collar,primary,7957.0,319.0,no
1433,31.0,management,tertiary,1298.0,88.0,yes
1434,79.0,housemaid,primary,-707.0,85.0,no
1435,25.0,technician,secondary,1668.0,607.0,yes
1436,36.0,blue-collar,primary,1637.0,369.0,no
1437,44.0,admin.,secondary,58244.0,85.0,yes
1438,76.0,retired,secondary,2980.0,91.0,no
1439,54.0,admin.,secondary,44418.0,76.0,yes
1440,45.0,blue-collar,primary,-368.0,315.0,no
1441,41.0,management,tertiary,64550.0,157.0,no
1442,48.0,management,tertiary,4353.0,323.0,yes
1443,60.0,retired,primary,-774.0,831.0,yes
1444,23.0,student,secondary,-443.0,197.0,yes
1445,35.0,unemployed,tertiary,1081.0,74.0,no
1446,59.0,retired,secondary,5337.0,96.0,yes
1447,57.0,management,primary,804.0,93.0,yes
1448,49.0,entrepreneur,tertiary,43320.0,344.0,no
1449,28.0,management,tertiary,-440.0,80.0,no
1450,25.0,services,secondary,70489.0,231.0,yes
1451,57.0,services,secondary,23990.0,395.0,no
1452,68.0,entrepreneur,tertiary,3178.0,581.0,no
1453,41.0,admin.,tertiary,4494.0,248.0,yes
1454,33.0,technician,tertiary,2628.0,346.0,yes
1455,37.0,retired,secondary,24223.0,47.0,yes
1456,29.0,blue-collar,secondary,1739.0,67.0,yes
1457,36.0,management,tertiary,4092.0,76.0,yes
1458,37.0,admin.,tertiary,3520.0,89.0,yes
1459,32.0,management,tertiary,3059.0,77.0,yes
1460,34.0,management,tertiary,2181.0,148.0,no
1461,39.0,entrepreneur,secondary,1583.0,368.0,no
1462,41.0,management,tertiary,534.0,200.0,no
1463,63.0,admin.,secondary,11742.0,362.0,no
1464,39.0,admin.,secondary,1799.0,355.0,no
1465,41.0,technician,secondary,4529.0,62.0,yes
1466,73.0,retired,secondary,1833.0,419.0,no
1467,50.0,technician,tertiary,3619.0,353.0,no
1468,40.0,management,tertiary,3308.0,391.0,no
1469,69.0,retired,primary,2865.0,18.0,yes
1470,31.0,admin.,secondary,1997.0,361.0,yes
1471,50.0,management,tertiary,965.0,66.0,yes
1472,30.0,self-employed,tertiary,16106.0,93.0,yes
1473,40.0,technician,secondary,-286.0,217.0,yes
1474,32.0,management,tertiary,5592.0,175.0,yes
1475,46.0,housemaid,tertiary,28213.0,278.0,no
1476,36.0,blue-collar,primary,158.0,298.0,no
1477,54.0,technician,tertiary,-632.0,178.0,yes
1478,20.0,services,secondary,47488.0,163.0,yes
1479,53.0,technician,tertiary,2087.0,86.0,no
1480,29.0,management,tertiary,503.0,51.0,no
1481,78.0,retired,tertiary,71284.0,222.0,yes
1482,40.0,blue-collar,primary,3051.0,179.0,yes
1483,31.0,management,tertiary,8479.0,390.0,yes
1484,54.0,retired,primary,73482.0,110.0,yes
1485,28.0,management,tertiary,-228.0,446.0,yes
1486,76.0,services,secondary,42366.0,371.0,no
1487,48.0,technician,secondary,58445.0,73.0,yes
1488,23.0,student,secondary,366.0,183.0,yes
1489,40.0,technician,tertiary,3480.0,258.0,no
1490,34.0,admin.,secondary,3192.0,145.0,no
1491,34.0,blue-collar,secondary,428.0,384.0,yes
1492,36.0,services,secondary,2513.0,212.0,no
1493,39.0,admin.,secondary,2813.0,162.0,yes
1494,35.0,management,tertiary,2281.0,187.0,yes
1495,57.0,retired,secondary,368.0,196.0,yes
1496,81.0,unemployed,tertiary,72920.0,646.0,no
1497,59.0,technician,secondary,2621.0,105.0,no
1498,28.0,self-employed,tertiary,1820.0,188.0,no
1499,58.0,services,secondary,65941.0,390.0,yes
1500,36.0,technician,secondary,2522.0,388.0,no
1501,32.0,admin.,secondary,941.0,357.0,yes
1502,72.0,retired,tertiary,1944.0,180.0,yes
1503,40.0,admin.,secondary,2987.0,369.0,yes
1504,37.0,management,tertiary,2297.0,199.0,yes
1505,31.0,admin.,secondary,2895.0,374.0,no
1506,64.0,retired,secondary,3168.0,228.0,yes
1507,30.0,technician,secondary,1189.0,339.0,yes
1508,28.0,self-employed,tertiary,4104.0,183.0,yes
1509,45.0,services,secondary,4490.0,313.0,no
1510,46.0,management,tertiary,-661.0,84.0,no
1511,26.0,management,tertiary,959.0,187.0,yes
1512,29.0,management,tertiary,2122.0,77.0,yes
1513,40.0,management,tertiary,2368.0,100.0,yes
1514,35.0,admin.,primary,4061.0,101.0,yes
1515,48.0,blue-collar,secondary,1254.0,76.0,yes
1516,72.0,retired,primary,1689.0,189.0,yes
1517,57.0,retired,secondary,70240.0,76.0,yes
1518,37.0,management,tertiary,1008.0,186.0,yes
1519,35.0,technician,secondary,-70.0,83.0,yes
1520,50.0,housemaid,secondary,3023.0,221.0,yes
1521,23.0,technician,secondary,-530.0,45.0,no
1522,32.0,management,tertiary,1040.0,198.0,yes
1523,23.0,technician,secondary,799.0,350.0,no
1524,33.0,technician,tertiary,536.0,110.0,no
1525,37.0,management,tertiary,414.0,200.0,yes
1526,37.0,management,tertiary,4308.0,354.0,no
1527,53.0,management,tertiary,999.0,142.0,no
1528,41.0,admin.,secondary,606.0,213.0,yes
1529,43.0,admin.,secondary,3994.0,307.0,no
1530,38.0,admin.,secondary,3785.0,227.0,yes
1531,28.0,student,secondary,172.0,186.0,yes
1532,23.0,admin.,tertiary,-6.0,174.0,yes
1533,30.0,blue-collar,primary,2311.0,206.0,no
1534,49.0,housemaid,secondary,19143.0,98.0,yes
1535,42.0,blue-collar,primary,1813.0,146.0,no
1536,39.0,technician,tertiary,3207.0,184.0,no
1537,34.0,management,tertiary,1037.0,69.0,yes
1538,45.0,management,tertiary,6287.0,114.0,yes
1539,38.0,blue-collar,secondary,6851.0,311.0,yes
1540,52.0,management,primary,5707.0,197.0,no
1541,41.0,services,secondary,1751.0,346.0,yes
1542,35.0,admin.,secondary,1661.0,217.0,yes
1543,59.0,retired,secondary,7196.0,193.0,yes
1544,29.0,technician,secondary,3624.0,114.0,yes
1545,44.0,admin.,secondary,2685.0,389.0,no
1546,62.0,retired,secondary,230.0,619.0,yes
1547,63.0,retired,tertiary,3065.0,187.0,yes
1548,55.0,blue-collar,primary,2917.0,367.0,yes
1549,39.0,housemaid,tertiary,2680.0,337.0,yes
1550,25.0,blue-collar,secondary,2062.0,206.0,no
1551,35.0,technician,secondary,2544.0,161.0,yes
1552,39.0,services,secondary,-486.0,382.0,yes
1553,20.0,services,secondary,2276.0,813.0,yes
1554,27.0,management,tertiary,-332.0,249.0,no
1555,40.0,management,tertiary,1469.0,445.0,no
1556,53.0,management,tertiary,3190.0,213.0,yes
1557,27.0,blue-collar,secondary,-377.0,78.0,yes
1558,66.0,retired,tertiary,3357.0,207.0,yes
1559,36.0,blue-collar,secondary,994.0,340.0,no
1560,82.0,retired,primary,7003.0,62.0,yes
1561,38.0,unemployed,tertiary,9977.0,851.0,no
1562,40.0,admin.,secondary,3331.0,120.0,no
1563,28.0,management,tertiary,715.0,198.0,yes
1564,35.0,management,tertiary,-160.0,69.0,yes
1565,36.0,management,tertiary,3615.0,105.0,yes
1566,63.0,retired,tertiary,3909.0,59.0,yes
1567,38.0,management,tertiary,4455.0,348.0,yes
1568,43.0,management,tertiary,1397.0,577.0,yes
1569,42.0,technician,tertiary,-825.0,66.0,yes
1570,55.0,technician,secondary,-879.0,164.0,no
1571,35.0,blue-collar,secondary,2236.0,104.0,yes
1572,31.0,services,primary,47140.0,179.0,no
1573,58.0,management,tertiary,63006.0,180.0,yes
1574,48.0,blue-collar,secondary,2587.0,54.0,yes
1575,50.0,admin.,primary,1726.0,132.0,no
1576,41.0,management,tertiary,3308.0,335.0,yes
1577,40.0,admin.,secondary,4230.0,323.0,no
1578,77.0,retired,tertiary,3887.0,109.0,yes
1579,50.0,blue-collar,secondary,2152.0,198.0,yes
1580,62.0,retired,primary,1086.0,114.0,no
1581,47.0,housemaid,primary,4439.0,70.0,no
1582,50.0,blue-collar,primary,4313.0,50.0,yes
1583,77.0,retired,tertiary,8693.0,74.0,yes
1584,31.0,blue-collar,tertiary,858.0,361.0,no
1585,54.0,technician,secondary,3946.0,210.0,no
1586,39.0,blue-collar,secondary,2577.0,392.0,yes
1587,42.0,admin.,secondary,13183.0,269.0,yes
1588,50.0,blue-collar,primary,641.0,264.0,no
1589,64.0,management,tertiary,2499.0,105.0,yes
1590,39.0,management,tertiary,2962.0,211.0,yes
1591,38.0,management,tertiary,767.0,134.0,no
1592,36.0,management,tertiary,2125.0,46.0,no
1593,42.0,blue-collar,primary,4259.0,155.0,yes
1594,75.0,retired,secondary,4049.0,98.0,yes
1595,44.0,management,tertiary,5146.0,844.0,yes
1596,34.0,technician,secondary,264.0,181.0,no
1597,54.0,retired,primary,73715.0,317.0,yes
1598,51.0,services,secondary,1806.0,310.0,yes
1599,36.0,management,secondary,3782.0,776.0,yes
1600,43.0,unemployed,secondary,293.0,345.0,no
1601,39.0,technician,secondary,1453.0,384.0,yes
1602,27.0,technician,secondary,1225.0,228.0,yes
1603,43.0,management,tertiary,1362.0,320.0,yes
1604,44.0,technician,secondary,1884.0,409.0,yes
1605,64.0,services,tertiary,72204.0,72.0,yes
1606,52.0,management,tertiary,3758.0,72.0,yes
1607,47.0,entrepreneur,secondary,46681.0,348.0,yes
1608,45.0,admin.,primary,2234.0,214.0,yes
1609,32.0,student,secondary,1284.0,85.0,yes
1610,34.0,self-employed,tertiary,500.0,203.0,yes
1611,34.0,technician,secondary,2798.0,79.0,yes
1612,55.0,admin.,secondary,1685.0,192.0,yes
1613,34.0,blue-collar,secondary,1347.0,346.0,yes
1614,25.0,student,tertiary,-735.0,173.0,yes
1615,62.0,blue-collar,primary,249.0,204.0,yes
1616,52.0,admin.,secondary,7714.0,145.0,no
1617,24.0,student,tertiary,1903.0,228.0,yes
1618,43.0,admin.,secondary,2298.0,74.0,yes
1619,70.0,retired,primary,4300.0,205.0,no
1620,34.0,unemployed,secondary,22735.0,227.0,yes
1621,50.0,blue-collar,primary,3914.0,71.0,yes
1622,55.0,management,tertiary,4522.0,155.0,yes
1623,56.0,management,tertiary,9509.0,439.0,yes
1624,34.0,admin.,secondary,-890.0,144.0,yes
1625,36.0,blue-collar,secondary,4260.0,343.0,no
1626,27.0,technician,secondary,3681.0,207.0,yes
1627,33.0,technician,tertiary,4101.0,333.0,no
1628,23.0,admin.,secondary,170.0,87.0,yes
1629,36.0,services,secondary,3799.0,195.0,yes
1630,33.0,technician,secondary,1496.0,105.0,no
1631,44.0,management,tertiary,7791.0,228.0,yes
1632,32.0,self-employed,tertiary,1979.0,193.0,yes
1633,38.0,management,tertiary,1947.0,159.0,yes
1634,19.0,student,primary,2201.0,82.0,yes
1635,30.0,technician,tertiary,2365.0,245.0,no
1636,46.0,services,secondary,7980.0,299.0,yes
1637,58.0,management,tertiary,3710.0,378.0,yes
1638,72.0,entrepreneur,primary,19620.0,264.0,yes
1639,39.0,admin.,secondary,885.0,385.0,no
1640,35.0,admin.,tertiary,432.0,87.0,yes
1641,30.0,technician,secondary,1871.0,204.0,yes
1642,44.0,technician,secondary,-644.0,272.0,yes
1643,40.0,housemaid,tertiary,1355.0,317.0,no
1644,61.0,management,tertiary,15.0,330.0,no
1645,47.0,admin.,secondary,-692.0,429.0,yes
1646,29.0,housemaid,tertiary,12651.0,259.0,no
1647,56.0,management,tertiary,-159.0,144.0,yes
1648,74.0,retired,primary,3844.0,196.0,yes
1649,31.0,management,tertiary,1747.0,63.0,yes
1650,36.0,services,secondary,799.0,363.0,no
1651,38.0,admin.,secondary,2847.0,279.0,no
1652,36.0,technician,tertiary,-119.0,115.0,no
1653,64.0,technician,secondary,3700.0,362.0,yes
1654,54.0,management,tertiary,4051.0,96.0,yes
1655,69.0,retired,secondary,3472.0,177.0,yes
1656,26.0,student,secondary,4228.0,183.0,yes
1657,46.0,self-employed,tertiary,1149.0,144.0,yes
1658,57.0,services,secondary,-387.0,225.0,yes
1659,33.0,management,tertiary,486.0,65.0,yes
1660,30.0,entrepreneur,secondary,-418.0,243.0,yes
1661,25.0,self-employed,secondary,3858.0,164.0,no
1662,55.0,unemployed,secondary,4361.0,694.0,yes
1663,29.0,admin.,secondary,12119.0,204.0,yes
1664,27.0,blue-collar,secondary,1627.0,622.0,no
1665,47.0,management,tertiary,552.0,108.0,yes
1666,50.0,management,tertiary,2015.0,71.0,yes
1667,38.0,management,tertiary,2869.0,45.0,yes
1668,35.0,admin.,secondary,-684.0,327.0,no
1669,49.0,management,tertiary,1757.0,180.0,no
1670,37.0,blue-collar,secondary,1595.0,365.0,yes
1671,67.0,retired,tertiary,3422.0,222.0,yes
1672,35.0,blue-collar,primary,3214.0,165.0,yes
1673,33.0,management,secondary,1414.0,112.0,yes
1674,23.0,technician,tertiary,1642.0,81.0,no
1675,30.0,blue-collar,secondary,1879.0,287.0,yes
1676,38.0,technician,tertiary,2695.0,292.0,no
1677,37.0,self-employed,primary,2967.0,135.0,no
1678,52.0,technician,secondary,-844.0,361.0,no
1679,53.0,management,tertiary,-378.0,200.0,yes
1680,34.0,unemployed,tertiary,-831.0,187.0,yes
1681,66.0,retired,secondary,664.0,230.0,yes
1682,33.0,management,tertiary,3998.0,83.0,yes
1683,19.0,student,primary,-697.0,512.0,yes
1684,35.0,services,secondary,4276.0,166.0,no
1685,43.0,blue-collar,primary,-589.0,392.0,yes
1686,47.0,management,tertiary,1259.0,89.0,yes
1687,54.0,admin.,secondary,753.0,72.0,yes
1688,35.0,management,tertiary,15438.0,390.0,yes
1689,52.0,management,tertiary,3508.0,381.0,yes
1690,37.0,management,tertiary,-29.0,359.0,yes
1691,30.0,housemaid,tertiary,22565.0,266.0,no
1692,79.0,retired,tertiary,7117.0,381.0,yes
1693,48.0,admin.,secondary,-74.0,88.0,yes
1694,24.0,technician,secondary,75341.0,787.0,yes
1695,50.0,retired,primary,1139.0,91.0,yes
1696,64.0,retired,secondary,48869.0,203.0,yes
1697,42.0,management,primary,1685.0,222.0,no
1698,51.0,housemaid,primary,2602.0,405.0,yes
1699,68.0,retired,primary,344.0,72.0,yes
1700,30.0,blue-collar,primary,992.0,182.0,yes
1701,52.0,services,secondary,1401.0,62.0,yes
1702,58.0,management,tertiary,189.0,368.0,yes
1703,37.0,admin.,secondary,520.0,152.0,yes
1704,53.0,technician,secondary,1376.0,143.0,yes
1705,39.0,unemployed,tertiary,2065.0,190.0,yes
1706,36.0,technician,secondary,4136.0,332.0,no
1707,49.0,blue-collar,primary,2928.0,234.0,no
1708,30.0,student,secondary,1001.0,183.0,yes
1709,42.0,self-employed,tertiary,102.0,795.0,yes
1710,25.0,technician,secondary,4109.0,61.0,yes
1711,25.0,admin.,tertiary,1011.0,251.0,yes
1712,72.0,retired,tertiary,6260.0,193.0,yes
1713,33.0,admin.,secondary,3988.0,94.0,yes
1714,32.0,management,tertiary,835.0,106.0,yes
1715,59.0,services,secondary,1817.0,788.0,no
1716,31.0,services,primary,8717.0,200.0,yes
1717,23.0,student,secondary,1190.0,69.0,yes
1718,41.0,technician,secondary,-546.0,209.0,no
1719,47.0,management,tertiary,4754.0,71.0,yes
1720,50.0,technician,secondary,55684.0,90.0,yes
1721,34.0,services,secondary,3122.0,144.0,no
1722,35.0,management,tertiary,1096.0,60.0,no
1723,18.0,student,secondary,4105.0,180.0,yes
1724,28.0,management,tertiary,2524.0,511.0,yes
1725,36.0,blue-collar,secondary,3981.0,76.0,yes
1726,29.0,services,secondary,-610.0,359.0,no
1727,79.0,housemaid,primary,46264.0,668.0,yes
1728,36.0,blue-collar,secondary,3937.0,313.0,yes
1729,39.0,blue-collar,secondary,-68.0,132.0,no
1730,25.0,student,secondary,5060.0,211.0,yes
1731,58.0,management,tertiary,20794.0,132.0,no
1732,35.0,admin.,secondary,4081.0,151.0,no
1733,45.0,entrepreneur,tertiary,71795.0,325.0,no
1734,41.0,technician,secondary,4489.0,179.0,yes
1735,71.0,self-employed,tertiary,27385.0,681.0,yes
1736,29.0,admin.,tertiary,-911.0,329.0,no
1737,57.0,technician,secondary,1170.0,349.0,yes
1738,32.0,admin.,tertiary,64308.0,130.0,yes
1739,65.0,retired,secondary,64197.0,107.0,yes
1740,47.0,technician,secondary,2493.0,172.0,yes
1741,54.0,blue-collar,primary,3758.0,624.0,no
1742,38.0,admin.,secondary,-219.0,185.0,no
1743,49.0,unemployed,secondary,3346.0,98.0,no
1744,32.0,services,primary,4168.0,339.0,no
1745,53.0,management,tertiary,-813.0,218.0,no
1746,37.0,technician,secondary,1228.0,113.0,yes
1747,33.0,management,tertiary,1938.0,68.0,yes
1748,57.0,management,tertiary,-648.0,69.0,yes
1749,37.0,blue-collar,primary,2596.0,630.0,yes
1750,42.0,blue-collar,secondary,2398.0,169.0,yes
1751,81.0,housemaid,tertiary,3531.0,93.0,yes
1752,54.0,technician,secondary,2614.0,278.0,yes
1753,40.0,services,secondary,1706.0,397.0,no
1754,28.0,self-employed,tertiary,2607.0,67.0,yes
1755,28.0,management,tertiary,-12.0,72.0,no
1756,28.0,technician,tertiary,2894.0,359.0,yes
1757,24.0,student,secondary,-240.0,72.0,yes
1758,49.0,blue-collar,primary,3921.0,129.0,no
1759,32.0,management,tertiary,-586.0,207.0,yes
1760,32.0,blue-collar,secondary,-820.0,457.0,yes
1761,58.0,retired,primary,51890.0,87.0,yes
1762,19.0,student,secondary,261.0,85.0,yes
1763,42.0,admin.,secondary,4069.0,235.0,yes
1764,78.0,retired,secondary,3127.0,204.0,yes
1765,28.0,technician,secondary,923.0,132.0,no
1766,54.0,services,secondary,62168.0,835.0,yes
1767,37.0,management,tertiary,711.0,287.0,yes
1768,36.0,technician,secondary,140.0,336.0,no
1769,76.0,retired,secondary,6293.0,210.0,no
1770,57.0,management,tertiary,154.0,148.0,yes
1771,42.0,technician,secondary,-95.0,112.0,no
1772,40.0,admin.,secondary,32440.0,79.0,yes
1773,29.0,technician,tertiary,3475.0,138.0,yes
1774,21.0,student,secondary,62633.0,97.0,yes
1775,38.0,blue-collar,tertiary,425.0,221.0,yes
1776,42.0,admin.,secondary,1.0,81.0,yes
1777,24.0,technician,secondary,1432.0,366.0,yes
1778,61.0,admin.,secondary,4007.0,588.0,no
1779,31.0,technician,secondary,1212.0,61.0,yes
1780,50.0,admin.,secondary,40566.0,303.0,no
1781,82.0,retired,secondary,-436.0,58.0,no
1782,61.0,management,tertiary,1014.0,202.0,yes
1783,29.0,blue-collar,secondary,4239.0,153.0,yes
1784,36.0,admin.,secondary,4001.0,87.0,yes
1785,62.0,services,tertiary,70928.0,154.0,yes
1786,35.0,technician,tertiary,-216.0,201.0,yes
1787,23.0,student,tertiary,3838.0,66.0,yes
1788,40.0,blue-collar,secondary,155.0,80.0,yes
1789,57.0,retired,secondary,970.0,393.0,yes
1790,28.0,management,tertiary,1034.0,60.0,yes
1791,44.0,management,tertiary,4175.0,210.0,no
1792,28.0,self-employed,secondary,-45.0,196.0,yes
1793,48.0,blue-collar,secondary,3709.0,117.0,yes
1794,38.0,housemaid,secondary,3087.0,661.0,yes
1795,34.0,retired,primary,45382.0,498.0,yes
1796,29.0,management,tertiary,-67.0,82.0,yes
1797,42.0,admin.,secondary,2538.0,103.0,yes
1798,41.0,management,tertiary,3648.0,209.0,yes
1799,39.0,admin.,secondary,162.0,379.0,no
1800,57.0,management,tertiary,11425.0,225.0,yes
1801,30.0,blue-collar,primary,-436.0,143.0,no
1802,84.0,unemployed,primary,61155.0,243.0,yes
1803,47.0,management,tertiary,4464.0,85.0,no
1804,24.0,services,secondary,1963.0,437.0,yes
1805,44.0,blue-collar,secondary,1337.0,134.0,no
1806,45.0,management,tertiary,3598.0,288.0,no
1807,53.0,admin.,secondary,-901.0,62.0,no
1808,29.0,technician,tertiary,3478.0,317.0,yes
1809,49.0,admin.,secondary,57953.0,352.0,yes
1810,31.0,admin.,tertiary,-373.0,201.0,no
1811,38.0,management,primary,5332.0,206.0,yes
1812,49.0,admin.,secondary,-688.0,92.0,no
1813,38.0,services,secondary,-79.0,391.0,no
1814,41.0,self-employed,primary,68899.0,161.0,no
1815,56.0,management,tertiary,26261.0,81.0,yes
1816,56.0,services,secondary,3395.0,390.0,yes
1817,29.0,unemployed,tertiary,2187.0,639.0,no
1818,28.0,blue-collar,tertiary,3063.0,395.0,no
1819,39.0,admin.,secondary,3172.0,325.0,no
1820,35.0,admin.,tertiary,3607.0,91.0,yes
1821,29.0,blue-collar,tertiary,495.0,347.0,no
1822,40.0,management,tertiary,1303.0,141.0,no
1823,33.0,management,secondary,1570.0,179.0,yes
1824,38.0,management,tertiary,-629.0,105.0,yes
1825,31.0,student,secondary,-69.0,180.0,yes
1826,30.0,technician,tertiary,1241.0,258.0,no
1827,33.0,management,secondary,1354.0,113.0,yes
1828,34.0,services,secondary,-37.0,322.0,yes
1829,55.0,self-employed,secondary,46317.0,170.0,no
1830,51.0,management,tertiary,1495.0,97.0,yes
1831,36.0,technician,secondary,7674.0,174.0,yes
1832,33.0,services,secondary,2941.0,284.0,no
1833,64.0,blue-collar,secondary,49616.0,441.0,yes
1834,62.0,technician,secondary,53259.0,382.0,no
1835,37.0,technician,secondary,9680.0,107.0,yes
1836,52.0,blue-collar,primary,1675.0,108.0,yes
1837,29.0,blue-collar,tertiary,1643.0,313.0,yes
1838,35.0,management,tertiary,619.0,2.0,yes
1839,26.0,student,tertiary,3659.0,35.0,yes
1840,31.0,management,tertiary,6290.0,227.0,yes
1841,66.0,technician,secondary,72137.0,488.0,yes
1842,77.0,retired,secondary,5207.0,179.0,yes
1843,50.0,housemaid,primary,2130.0,104.0,no
1844,38.0,technician,secondary,3213.0,228.0,yes
1845,36.0,admin.,tertiary,-544.0,70.0,yes
1846,61.0,self-employed,tertiary,28407.0,304.0,yes
1847,49.0,management,tertiary,553.0,111.0,yes
1848,39.0,admin.,secondary,3004.0,30.0,no
1849,53.0,entrepreneur,secondary,50578.0,145.0,no
1850,50.0,unemployed,secondary,4332.0,220.0,no
1851,56.0,admin.,secondary,2923.0,316.0,no
1852,57.0,services,secondary,65530.0,208.0,no
1853,27.0,unemployed,tertiary,-101.0,227.0,yes
1854,58.0,management,tertiary,3134.0,203.0,yes
1855,88.0,admin.,secondary,61263.0,180.0,yes
1856,42.0,blue-collar,secondary,-271.0,145.0,no
1857,19.0,blue-collar,secondary,2485.0,768.0,yes
1858,35.0,technician,primary,4009.0,188.0,yes
1859,50.0,admin.,primary,56080.0,83.0,no
1860,34.0,management,tertiary,4221.0,178.0,yes
1861,46.0,technician,secondary,19178.0,76.0,no
1862,29.0,management,tertiary,4115.0,596.0,yes
1863,36.0,technician,tertiary,7481.0,206.0,yes
1864,41.0,blue-collar,secondary,359.0,327.0,no
1865,23.0,student,tertiary,1012.0,106.0,no
1866,24.0,management,tertiary,1478.0,87.0,yes
1867,36.0,services,secondary,6790.0,285.0,no
1868,31.0,management,tertiary,9724.0,533.0,yes
1869,58.0,management,secondary,-608.0,74.0,yes
1870,37.0,management,tertiary,3478.0,60.0,yes
1871,48.0,admin.,tertiary,7051.0,61.0,yes
1872,34.0,management,tertiary,4434.0,84.0,yes
1873,53.0,retired,secondary,3122.0,226.0,yes
1874,44.0,blue-collar,secondary,-32.0,322.0,no
1875,28.0,services,secondary,47633.0,325.0,yes
1876,78.0,retired,secondary,1840.0,172.0,yes
1877,25.0,student,secondary,22365.0,76.0,yes
1878,28.0,technician,tertiary,1213.0,45.0,yes
1879,30.0,technician,tertiary,3192.0,301.0,yes
1880,52.0,management,tertiary,168.0,255.0,no
1881,61.0,services,tertiary,72395.0,115.0,yes
1882,25.0,student,tertiary,-652.0,89.0,yes
1883,37.0,services,secondary,21102.0,368.0,yes
1884,64.0,management,tertiary,2823.0,381.0,yes
1885,44.0,admin.,tertiary,3392.0,289.0,no
1886,57.0,admin.,secondary,4238.0,66.0,yes
1887,74.0,admin.,secondary,23086.0,78.0,yes
1888,25.0,student,secondary,69321.0,100.0,yes
1889,32.0,admin.,secondary,3445.0,329.0,no
1890,35.0,blue-collar,primary,-619.0,440.0,yes
1891,37.0,blue-collar,secondary,3246.0,91.0,yes
1892,43.0,blue-collar,primary,1564.0,166.0,no
1893,39.0,management,tertiary,-329.0,215.0,yes
1894,30.0,admin.,secondary,4499.0,465.0,yes
1895,50.0,technician,tertiary,-418.0,388.0,yes
1896,68.0,management,secondary,25457.0,487.0,yes
1897,33.0,technician,secondary,-192.0,89.0,no
1898,25.0,management,tertiary,8128.0,96.0,yes
1899,46.0,admin.,secondary,9500.0,180.0,yes
1900,35.0,admin.,tertiary,931.0,752.0,no
1901,53.0,services,secondary,519.0,409.0,yes
1902,44.0,admin.,secondary,2034.0,194.0,yes
1903,56.0,admin.,secondary,1258.0,137.0,no
1904,58.0,admin.,secondary,1354.0,193.0,yes
1905,29.0,blue-collar,secondary,59.0,32.0,no
1906,37.0,unemployed,tertiary,1679.0,201.0,yes
1907,35.0,services,secondary,588.0,115.0,yes
1908,51.0,management,tertiary,2594.0,127.0,yes
1909,35.0,technician,tertiary,1203.0,104.0,yes
1910,74.0,self-employed,secondary,20263.0,849.0,no
1911,32.0,management,tertiary,4216.0,111.0,yes
1912,35.0,management,tertiary,61.0,92.0,no
1913,35.0,admin.,secondary,38561.0,61.0,yes
1914,34.0,blue-collar,secondary,1578.0,181.0,yes
1915,78.0,retired,primary,4004.0,568.0,no
1916,53.0,technician,tertiary,628.0,536.0,no
1917,32.0,entrepreneur,tertiary,1146.0,95.0,yes
1918,58.0,technician,secondary,1602.0,176.0,yes
1919,50.0,blue-collar,secondary,4013.0,105.0,yes
1920,38.0,management,tertiary,-700.0,176.0,no
1921,44.0,services,secondary,1667.0,376.0,no
1922,33.0,blue-collar,secondary,371.0,101.0,yes
1923,27.0,technician,tertiary,14008.0,67.0,yes
1924,51.0,blue-collar,primary,69385.0,260.0,no
1925,32.0,management,tertiary,-551.0,186.0,yes
1926,40.0,management,tertiary,658.0,61.0,yes
1927,32.0,management,tertiary,2600.0,109.0,yes
1928,76.0,retired,primary,-536.0,72.0,yes
1929,42.0,technician,secondary,2570.0,69.0,yes
1930,49.0,blue-collar,secondary,838.0,75.0,yes
1931,67.0,technician,secondary,77259.0,780.0,yes
1932,43.0,management,tertiary,29338.0,98.0,yes
1933,32.0,management,tertiary,690.0,182.0,yes
1934,28.0,unemployed,primary,31543.0,710.0,yes
1935,64.0,retired,secondary,-398.0,210.0,yes
1936,34.0,admin.,tertiary,3869.0,101.0,no
1937,34.0,management,tertiary,100.0,102.0,no
1938,44.0,admin.,secondary,1986.0,217.0,yes
1939,52.0,technician,tertiary,-14.0,238.0,yes
1940,50.0,blue-collar,secondary,-729.0,168.0,no
1941,35.0,technician,secondary,-224.0,191.0,no
1942,79.0,retired,primary,3149.0,210.0,yes
1943,30.0,management,tertiary,1368.0,165.0,no
1944,41.0,blue-collar,primary,3967.0,352.0,no
1945,44.0,management,primary,2239.0,109.0,yes
1946,36.0,unemployed,secondary,71673.0,759.0,yes
1947,55.0,blue-collar,primary,824.0,391.0,yes
1948,38.0,services,secondary,3445.0,2.0,no
1949,32.0,management,tertiary,2622.0,483.0,yes
1950,75.0,housemaid,primary,48641.0,556.0,no
1951,35.0,blue-collar,secondary,10.0,285.0,no
1952,31.0,technician,secondary,1232.0,67.0,no
1953,32.0,technician,tertiary,4150.0,50.0,yes
1954,33.0,admin.,tertiary,70126.0,156.0,no
1955,35.0,blue-collar,secondary,3231.0,213.0,yes
1956,37.0,blue-collar,primary,2293.0,75.0,yes
1957,28.0,technician,secondary,141.0,23.0,yes
1958,48.0,management,secondary,8289.0,219.0,yes
1959,55.0,blue-collar,secondary,39293.0,710.0,yes
1960,37.0,services,tertiary,20488.0,351.0,yes
1961,50.0,management,tertiary,29449.0,86.0,yes
1962,63.0,retired,primary,4055.0,173.0,yes
1963,54.0,retired,tertiary,3181.0,333.0,yes
1964,38.0,unemployed,primary,2849.0,80.0,yes
1965,30.0,management,tertiary,11225.0,151.0,yes
1966,37.0,management,tertiary,-848.0,301.0,no
1967,71.0,unemployed,tertiary,20264.0,718.0,yes
1968,68.0,retired,primary,1684.0,44.0,yes
1969,65.0,entrepreneur,tertiary,34745.0,778.0,yes
1970,30.0,services,tertiary,2106.0,95.0,no
1971,32.0,management,tertiary,-206.0,201.0,no
1972,87.0,technician,tertiary,24688.0,450.0,yes
1973,54.0,admin.,secondary,1432.0,68.0,yes
1974,61.0,unemployed,secondary,74130.0,243.0,yes
1975,36.0,technician,secondary,2045.0,69.0,yes
1976,40.0,management,tertiary,1645.0,122.0,no
1977,40.0,technician,secondary,4252.0,176.0,yes
1978,42.0,unemployed,secondary,21814.0,338.0,no
1979,50.0,technician,secondary,-138.0,86.0,yes
1980,35.0,blue-collar,secondary,13067.0,172.0,yes
1981,57.0,retired,secondary,4953.0,366.0,yes
1982,37.0,management,tertiary,4346.0,199.0,no
1983,36.0,technician,tertiary,3254.0,247.0,yes
1984,28.0,management,tertiary,929.0,541.0,yes
1985,26.0,management,tertiary,3803.0,80.0,yes
1986,35.0,admin.,secondary,1526.0,291.0,no
1987,29.0,technician,tertiary,2703.0,323.0,yes
1988,34.0,services,secondary,2132.0,120.0,no
1989,38.0,technician,tertiary,2040.0,77.0,no
1990,62.0,retired,secondary,51388.0,214.0,yes
1991,36.0,management,tertiary,2822.0,351.0,yes
1992,25.0,services,secondary,46209.0,444.0,yes
1993,34.0,management,tertiary,1515.0,362.0,yes
1994,73.0,retired,primary,-389.0,102.0,no
1995,37.0,admin.,secondary,1472.0,177.0,yes
1996,33.0,admin.,secondary,66911.0,145.0,no
1997,49.0,unemployed,tertiary,2125.0,333.0,yes
1998,41.0,self-employed,secondary,814.0,334.0,yes
1999,35.0,management,tertiary,3154.0,405.0,yes
2000,61.0,retired,primary,2518.0,35.0,yes
2001,38.0,technician,tertiary,1822.0,183.0,yes
2002,63.0,self-employed,tertiary,13550.0,186.0,no
2003,58.0,technician,secondary,253.0,645.0,no
2004,51.0,blue-collar,primary,-219.0,578.0,no
2005,32.0,management,tertiary,9156.0,105.0,no
2006,24.0,student,tertiary,4110.0,173.0,yes
2007,53.0,retired,tertiary,3642.0,110.0,yes
2008,34.0,blue-collar,secondary,1735.0,107.0,yes
2009,19.0,management,primary,41076.0,180.0,yes
2010,75.0,management,secondary,17138.0,706.0,no
2011,81.0,housemaid,tertiary,2295.0,199.0,yes
2012,50.0,self-employed,secondary,4625.0,318.0,yes
2013,29.0,technician,secondary,9103.0,368.0,no
2014,62.0,retired,secondary,5842.0,227.0,yes
2015,45.0,management,tertiary,11220.0,328.0,yes
2016,48.0,services,secondary,122.0,142.0,yes
2017,31.0,admin.,secondary,1428.0,364.0,yes
2018,51.0,technician,secondary,1604.0,83.0,yes
2019,38.0,entrepreneur,tertiary,3662.0,426.0,yes
2020,35.0,unemployed,secondary,2063.0,205.0,yes
2021,47.0,blue-collar,secondary,6515.0,393.0,no
2022,42.0,blue-collar,secondary,3857.0,822.0,yes
2023,40.0,management,tertiary,6737.0,214.0,yes
2024,44.0,technician,secondary,2283.0,327.0,no
2025,30.0,unemployed,secondary,11562.0,200.0,yes
2026,31.0,admin.,secondary,7131.0,285.0,no
2027,66.0,retired,primary,3750.0,193.0,yes
2028,83.0,retired,secondary,3763.0,68.0,no
2029,31.0,unemployed,primary,3838.0,472.0,no
2030,69.0,retired,tertiary,537.0,80.0,yes
2031,47.0,blue-collar,primary,2457.0,140.0,yes
2032,28.0,student,tertiary,1964.0,221.0,yes
2033,36.0,technician,secondary,280.0,162.0,no
2034,28.0,technician,tertiary,3787.0,138.0,yes
2035,32.0,blue-collar,primary,2953.0,385.0,no
2036,40.0,admin.,tertiary,1039.0,150.0,no
2037,59.0,services,secondary,3723.0,245.0,no
2038,30.0,self-employed,tertiary,4537.0,221.0,no
2039,47.0,technician,tertiary,33660.0,297.0,yes
2040,31.0,self-employed,tertiary,-477.0,91.0,yes
2041,70.0,retired,secondary,1123.0,101.0,yes
2042,39.0,unemployed,primary,9596.0,121.0,yes
2043,35.0,services,secondary,-682.0,88.0,yes
2044,24.0,admin.,secondary,604.0,107.0,no
2045,29.0,management,tertiary,-173.0,240.0,no
2046,45.0,services,secondary,2386.0,89.0,yes
2047,30.0,housemaid,secondary,-20.0,710.0,yes
2048,55.0,unemployed,secondary,9462.0,260.0,yes
2049,51.0,admin.,secondary,3774.0,214.0,yes
2050,31.0,unemployed,tertiary,3152.0,636.0,no
2051,33.0,services,secondary,1783.0,89.0,yes
2052,29.0,services,secondary,4370.0,588.0,yes
2053,63.0,blue-collar,primary,2822.0,195.0,yes
2054,50.0,management,tertiary,8155.0,379.0,no
2055,35.0,services,tertiary,-93.0,357.0,no
2056,30.0,management,tertiary,1464.0,88.0,no
2057,77.0,services,secondary,80124.0,13.0,no
2058,39.0,management,tertiary,926.0,19.0,yes
2059,33.0,technician,secondary,371.0,325.0,no
2060,29.0,management,tertiary,1842.0,70.0,yes
2061,34.0,blue-collar,tertiary,4093.0,316.0,yes
2062,28.0,management,tertiary,3036.0,348.0,yes
2063,20.0,student,tertiary,68140.0,106.0,yes
2064,49.0,self-employed,tertiary,396.0,44.0,yes
2065,37.0,entrepreneur,secondary,63413.0,346.0,no
2066,34.0,entrepreneur,secondary,3282.0,64.0,no
2067,36.0,services,secondary,-701.0,174.0,yes
2068,55.0,blue-collar,primary,68169.0,102.0,yes
2069,28.0,management,tertiary,4236.0,67.0,yes
2070,27.0,unemployed,tertiary,1930.0,463.0,no
2071,36.0,blue-collar,secondary,1167.0,341.0,no
2072,44.0,technician,tertiary,1918.0,182.0,no
2073,61.0,unemployed,secondary,111.0,261.0,yes
2074,34.0,technician,tertiary,503.0,331.0,yes
2075,33.0,unemployed,secondary,3456.0,283.0,yes
2076,77.0,retired,secondary,2411.0,191.0,yes
2077,46.0,entrepreneur,tertiary,54251.0,208.0,yes
2078,43.0,services,secondary,2484.0,397.0,no
2079,75.0,retired,secondary,-413.0,201.0,yes
2080,30.0,management,tertiary,1167.0,562.0,yes
2081,43.0,technician,tertiary,401.0,373.0,no
2082,31.0,management,tertiary,3439.0,44.0,no
2083,45.0,services,secondary,-586.0,175.0,yes
2084,47.0,admin.,secondary,67598.0,219.0,no
2085,49.0,admin.,secondary,584.0,175.0,no
2086,77.0,retired,primary,-937.0,208.0,yes
2087,33.0,admin.,secondary,4095.0,60.0,yes
2088,31.0,management,tertiary,1528.0,337.0,yes
2089,51.0,admin.,secondary,4457.0,67.0,no
2090,29.0,technician,secondary,3048.0,3.0,no
2091,35.0,technician,tertiary,2261.0,278.0,yes
2092,40.0,services,tertiary,942.0,354.0,yes
2093,50.0,entrepreneur,secondary,48177.0,185.0,yes
2094,67.0,retired,secondary,3228.0,71.0,no
2095,82.0,self-employed,secondary,15590.0,790.0,no
2096,36.0,self-employed,tertiary,1100.0,626.0,no
2097,36.0,admin.,tertiary,3374.0,146.0,yes
2098,71.0,retired,secondary,-654.0,313.0,yes
2099,57.0,retired,primary,27679.0,345.0,yes
2100,73.0,entrepreneur,tertiary,80095.0,229.0,yes
2101,53.0,retired,secondary,2613.0,304.0,yes
2102,23.0,blue-collar,secondary,5667.0,197.0,yes
2103,41.0,management,tertiary,629.0,253.0,no
2104,71.0,retired,secondary,4448.0,191.0,yes
2105,28.0,technician,secondary,4071.0,280.0,no
2106,38.0,admin.,secondary,590.0,356.0,yes
2107,32.0,management,tertiary,3227.0,283.0,no
2108,74.0,management,primary,61827.0,418.0,yes
2109,37.0,admin.,tertiary,3012.0,165.0,yes
2110,37.0,technician,secondary,4480.0,90.0,yes
2111,50.0,blue-collar,primary,4278.0,91.0,no
2112,29.0,management,tertiary,3866.0,92.0,no
2113,40.0,blue-collar,secondary,1114.0,228.0,yes
2114,29.0,management,tertiary,2720.0,348.0,no
2115,66.0,retired,secondary,3484.0,262.0,yes
2116,36.0,blue-collar,primary,345.0,328.0,yes
2117,35.0,management,tertiary,435.0,332.0,no
2118,52.0,unemployed,secondary,58933.0,108.0,yes
2119,36.0,services,secondary,228.0,270.0,no
2120,40.0,technician,tertiary,2411.0,176.0,no
2121,45.0,services,secondary,19783.0,288.0,yes
2122,39.0,admin.,secondary,1518.0,94.0,yes
2123,62.0,blue-collar,primary,1915.0,179.0,yes
2124,36.0,admin.,secondary,3944.0,186.0,yes
2125,29.0,housemaid,tertiary,1576.0,525.0,no
2126,38.0,technician,secondary,1115.0,61.0,no
2127,35.0,management,tertiary,-421.0,108.0,yes
2128,40.0,management,tertiary,3441.0,34.0,yes
2129,58.0,admin.,secondary,700.0,343.0,yes
2130,23.0,blue-collar,secondary,807.0,67.0,yes
2131,51.0,technician,secondary,4059.0,83.0,no
2132,52.0,technician,secondary,1050.0,177.0,no
2133,35.0,admin.,secondary,4291.0,117.0,no
2134,80.0,housemaid,primary,54545.0,70.0,yes
2135,32.0,services,secondary,1187.0,60.0,yes
2136,38.0,admin.,secondary,651.0,332.0,no
2137,48.0,management,tertiary,2554.0,117.0,no
2138,28.0,technician,tertiary,3692.0,79.0,no
2139,84.0,admin.,primary,26950.0,769.0,no
2140,72.0,retired,tertiary,57833.0,330.0,yes
2141,48.0,blue-collar,secondary,708.0,61.0,yes
2142,60.0,retired,secondary,720.0,222.0,yes
2143,24.0,services,secondary,-349.0,368.0,no
2144,52.0,management,tertiary,3099.0,189.0,yes
2145,87.0,retired,tertiary,29422.0,91.0,no
2146,41.0,services,secondary,6746.0,363.0,no
2147,50.0,admin.,secondary,4910.0,93.0,yes
2148,55.0,management,tertiary,897.0,187.0,yes
2149,34.0,management,tertiary,-57.0,23.0,yes
2150,56.0,retired,primary,-378.0,190.0,yes
2151,82.0,retired,primary,9563.0,837.0,yes
2152,61.0,retired,secondary,-916.0,111.0,yes
2153,41.0,management,tertiary,2657.0,113.0,yes
2154,24.0,management,tertiary,7958.0,106.0,yes
2155,30.0,student,secondary,44487.0,662.0,yes
2156,30.0,blue-collar,tertiary,-826.0,276.0,yes
2157,37.0,technician,secondary,9808.0,69.0,yes
2158,45.0,technician,secondary,1348.0,203.0,no
2159,53.0,blue-collar,primary,2694.0,72.0,no
2160,54.0,management,tertiary,-757.0,77.0,no
2161,25.0,student,tertiary,12532.0,84.0,yes
2162,26.0,services,secondary,73751.0,180.0,yes
2163,37.0,blue-collar,secondary,-156.0,316.0,yes
2164,47.0,unemployed,secondary,934.0,299.0,no
2165,45.0,technician,tertiary,3902.0,186.0,no
2166,56.0,blue-collar,tertiary,3216.0,211.0,no
2167,62.0,retired,primary,3480.0,204.0,yes
2168,40.0,unemployed,primary,1588.0,199.0,no
2169,56.0,admin.,secondary,4081.0,342.0,no
2170,29.0,management,tertiary,304.0,114.0,yes
2171,21.0,housemaid,tertiary,34781.0,177.0,yes
2172,28.0,blue-collar,secondary,-672.0,171.0,no
2173,29.0,self-employed,tertiary,1727.0,189.0,no
2174,34.0,technician,tertiary,730.0,210.0,yes
2175,55.0,blue-collar,primary,-679.0,18.0,no
2176,81.0,housemaid,primary,2716.0,97.0,yes
2177,83.0,housemaid,primary,356.0,65.0,yes
2178,25.0,management,tertiary,3412.0,162.0,yes
2179,47.0,admin.,secondary,4535.0,224.0,yes
2180,36.0,self-employed,tertiary,3557.0,93.0,yes
